<?xml version='1.0' encoding='UTF-8'?>
<mets:mets xmlns:mets="http://www.loc.gov/METS/" xmlns:xlink="http://www.w3.org/1999/xlink" xmlns:mods="http://www.loc.gov/mods/v3" xmlns:xsi="http://www.w3.org/2001/XMLSchema-instance" xsi:schemaLocation="http://www.loc.gov/METS/ https://www.loc.gov/standards/mets/mets.xsd http://www.loc.gov/mods/v3 http://www.loc.gov/standards/mods/v3/mods-3-8.xsd" ID="thesis-44271" OBJID="hdl:2078.1/thesis:44271" PROFILE="DSpace METS SIP Profile">
  <mets:metsHdr>
    <mets:agent ROLE="CUSTODIAN" TYPE="ORGANIZATION">
      <mets:name>UCLouvain</mets:name>
      <mets:note>FedoraExporter script v1.0</mets:note>
    </mets:agent>
  </mets:metsHdr>
  <mets:dmdSec ID="OBJ_METADATA">
    <mets:mdWrap MDTYPE="OTHER" OTHERMDTYPE="MODS-THESIS" MIMETYPE="text/xml">
      <mets:xmlData>
        <mods:mods version="3.8">
          <mods:name type="personal">
            <mods:namePart>Roland, Rose</mods:namePart>
            <mods:nameIdentifier type="email">rose.roland@student.uclouvain.be</mods:nameIdentifier>
            <mods:nameIdentifier type="fgs">527985</mods:nameIdentifier>
            <mods:affiliation>UCLouvain</mods:affiliation>
            <mods:nameIdentifier type="degree_label">Master [120] en sciences biomédicales, à finalité approfondie</mods:nameIdentifier>
            <mods:nameIdentifier type="degree_code">SBIM2MA</mods:nameIdentifier>
            <mods:role>
              <mods:roleTerm type="text">author</mods:roleTerm>
            </mods:role>
          </mods:name>
          <mods:language>
            <mods:languageTerm type="code" authority="iso639-2b">fre</mods:languageTerm>
          </mods:language>
          <mods:titleInfo>
            <mods:title>Rôle des cellules tueuses naturelles (NK) dans la pathogenèse de l'endométriose</mods:title>
          </mods:titleInfo>
          <mods:originInfo>
            <mods:dateIssued>2024</mods:dateIssued>
            <mods:dateOther type="session">janvier</mods:dateOther>
          </mods:originInfo>
          <mods:recordInfo>
            <mods:recordCreationDate>2024/01/15 17:16</mods:recordCreationDate>
            <mods:recordInfoNote type="submitter_name">Rose Roland (UCL - 527985)</mods:recordInfoNote>
            <mods:recordInfoNote type="submitter_email">rose.roland@student.uclouvain.be</mods:recordInfoNote>
          </mods:recordInfo>
          <mods:relatedItem otherType="note">
            <mods:titleInfo>
              <mods:title>accepted</mods:title>
            </mods:titleInfo>
            <mods:originInfo>
              <mods:dateCreated>2024-02-19T11:38:56.000Z</mods:dateCreated>
            </mods:originInfo>
            <mods:name>
              <mods:namePart>guillaume.arnould@uclouvain.be</mods:namePart>
            </mods:name>
          </mods:relatedItem>
          <mods:abstract>L’endométriose est une maladie définie par la présence et la croissance de tissu semblable à de l’endomètre en dehors de l’utérus. Bien que son étiologie reste inconnue, la théorie la plus acceptée est celle des menstruations rétrogrades définie par le dépôt de reflux menstruel dans la cavité péritonéale. Néanmoins, 90 % des femmes présentent ces menstruations rétrogrades alors que seulement 10 % sont atteintes d’endométriose. Une des théories envisagées pour expliquer la persistance de ces cellules d’endomètre dans la cavité péritonéale est une surveillance immunitaire déficiente. Il est souvent suggéré que les cellules NK (de l’anglais, natural killer) jouent un rôle dans l’élimination des cellules endométriales. Un article publié en 1991 par Oosterlynck et collègues montre pour la première fois une activité lytique des cellules NK envers les cellules endométriales autologues. Cependant, les résultats de cytotoxicité obtenus n’ont jamais pu être confirmés par d’autres chercheurs. De nombreux auteurs considèrent comme acquis la capacité lytique des cellules NK envers les cellules de l’endomètre, et s’attellent à montrer une diminution de cette capacité lytique chez des patientes atteintes d’endométriose par rapport à des patientes saines. Dans le cadre de ce mémoire, nous avons isolé des cellules NK du sang et des cellules endométriales chez des patientes contrôles saines et des patientes atteintes d’endométriose, et avons réalisé des tests de cytotoxicité. Chez une patiente contrôle saine, nous avons obtenu une faible activité lytique des cellules NK envers les cellules stromales autologues de maximum 7 %. Chez des patientes atteintes d’endométriose, nous avons obtenu entre 0 et 10 % de lyse envers les cellules stromales autologues. Nos résultats n’ont donc pas confirmé ceux d’Oosterlynck et collègues. Nous avons également testé la présence des cellules NK dans des prélèvements d’endomètres eutopiques et dans des lésions d’endométriose. Les analyses de cytométrie de flux montrent une proportion de cellules NK de 5 à 8 % des cellules vivantes dans l’endomètre eutopique. La proportion de cellules stromales obtenue est de 5 à 7 % des cellules vivantes. Les cellules NK sont présentes dans l’endomètre avec une majorité des cellules NK CD56brightCD16-, de l’ordre de 30 % des cellules CD2+CD3-.</mods:abstract>
          <mods:subject>
            <mods:topic>endometriosis</mods:topic>
          </mods:subject>
          <mods:subject>
            <mods:topic>natural killer cells</mods:topic>
          </mods:subject>
          <mods:identifier type="hdl">2078.1/thesis:44271</mods:identifier>
          <mods:genre authority="coar" valueURI="http://purl.org/coar/resource_type/c_bdcc">master thesis</mods:genre>
          <mods:relatedItem otherType="faculty">
            <mods:titleInfo>
              <mods:title>Faculté de pharmacie et sciences biomédicales</mods:title>
            </mods:titleInfo>
          </mods:relatedItem>
          <mods:name type="personal">
            <mods:namePart>Pierre van der Bruggen</mods:namePart>
            <mods:nameIdentifier type="email">pierre.vanderbruggen@uclouvain.be</mods:nameIdentifier>
            <mods:affiliation>UCLouvain</mods:affiliation>
            <mods:role>
              <mods:roleTerm type="text">advisor</mods:roleTerm>
            </mods:role>
          </mods:name>
          <mods:identifier type="fedora_pid">thesis:44271</mods:identifier>
        </mods:mods>
      </mets:xmlData>
    </mets:mdWrap>
  </mets:dmdSec>
  <mets:fileSec>
    <mets:fileGrp USE="CONTENT">
      <mets:file ID="file-1" MIMETYPE="application/pdf" ADMID="amd-file-1">
        <mets:FLocat LOCTYPE="URL" xlink:href="files/Roland_Rose_91012200_2023-2024.pdf"/>
      </mets:file>
    </mets:fileGrp>
  </mets:fileSec>
  <mets:structMap ID="main-structure" LABEL="structure" TYPE="LOGICAL">
    <mets:div DMDID="OBJ_METADATA">
      <mets:div TYPE="File">
        <mets:fptr FILEID="file-1"/>
      </mets:div>
    </mets:div>
  </mets:structMap>
  <mets:amdSec ID="amd-file-1">
    <mets:rightsMD ID="rights-file-1">
      <mets:mdWrap MDTYPE="OTHER" OTHERMDTYPE="METSRIGHTS">
        <mets:xmlData>
          <rights:RightsDeclarationMD xmlns:rights="http://cosimo.stanford.edu/sdr/metsrights/">
            <rights:Context CONTEXTCLASS="MANAGED GRP" rpName="embargo" end-date="2026-02-28">
              <rights:Permissions DISCOVER="true" DISPLAY="true" MODIFY="false" DELETE="false" OTHER="false"/>
              <rights:UserName>UCLouvain network</rights:UserName>
            </rights:Context>
          </rights:RightsDeclarationMD>
        </mets:xmlData>
      </mets:mdWrap>
    </mets:rightsMD>
  </mets:amdSec>
  <mets:structMap LABEL="Parent">
    <mets:div>
      <mets:mptr LOCTYPE="URN" xlink:href="123456789/2"/>
    </mets:div>
  </mets:structMap>
</mets:mets>
