<?xml version='1.0' encoding='UTF-8'?>
<mets:mets xmlns:mets="http://www.loc.gov/METS/" xmlns:xlink="http://www.w3.org/1999/xlink" xmlns:mods="http://www.loc.gov/mods/v3" xmlns:xsi="http://www.w3.org/2001/XMLSchema-instance" xsi:schemaLocation="http://www.loc.gov/METS/ https://www.loc.gov/standards/mets/mets.xsd http://www.loc.gov/mods/v3 http://www.loc.gov/standards/mods/v3/mods-3-8.xsd" ID="thesis-13197" OBJID="hdl:2078.1/thesis:13197" PROFILE="DSpace METS SIP Profile">
  <mets:dmdSec ID="OBJ_METADATA">
    <mets:mdWrap MDTYPE="OTHER" OTHERMDTYPE="MODS-THESIS" MIMETYPE="text/xml">
      <mets:xmlData>
        <mods:mods version="3.8">
          <mods:name type="personal">
            <mods:namePart>Dagnelie, Basile</mods:namePart>
            <mods:nameIdentifier type="email">bdagnelie@oasis.uclouvain.be</mods:nameIdentifier>
            <mods:affiliation>UCLouvain</mods:affiliation>
            <mods:nameIdentifier type="degree_label">Master [120] en sciences de gestion</mods:nameIdentifier>
            <mods:nameIdentifier type="degree_code">GEST2M</mods:nameIdentifier>
            <mods:role>
              <mods:roleTerm type="text">author</mods:roleTerm>
            </mods:role>
          </mods:name>
          <mods:name type="personal">
            <mods:namePart>Vanhenden, Maxim</mods:namePart>
            <mods:nameIdentifier type="email">mvanhenden@oasis.uclouvain.be</mods:nameIdentifier>
            <mods:affiliation>UCLouvain</mods:affiliation>
            <mods:role>
              <mods:roleTerm type="text">author</mods:roleTerm>
            </mods:role>
          </mods:name>
          <mods:language>
            <mods:languageTerm type="code" authority="iso639-2b">fre</mods:languageTerm>
          </mods:language>
          <mods:titleInfo>
            <mods:title>Business Plan: La création de l'entreprise Cycl-Home est-elle viable?</mods:title>
          </mods:titleInfo>
          <mods:originInfo>
            <mods:dateIssued>2017</mods:dateIssued>
            <mods:dateOther type="session">septembre</mods:dateOther>
          </mods:originInfo>
          <mods:recordInfo>
            <mods:recordCreationDate>2017-11-02 00:04</mods:recordCreationDate>
            <mods:recordInfoNote type="submitter_name">Basile Dagnelie (UCL - 327789)</mods:recordInfoNote>
            <mods:recordInfoNote type="submitter_email">basile.dagnelie@student.uclouvain.be</mods:recordInfoNote>
          </mods:recordInfo>
          <mods:abstract>La construction de logements montre aujourd’hui ses limites. D’une part, suivant une dynamique générale mondiale, le secteur consomme énormément de ressources, et produits plus de 30% de la masse déchets en Europe. D’autre part, un fossé semble croître entre l’offre de logements et les besoins sans cesse évolutifs de la population. Faisant ce constat, les fondateurs de Cycl-Home ont décidé de proposer une alternative, inscrite dans le contexte de l’économie circulaire. Il s’agit donc de mettre sur le marché du logement, des bâtiments partiellements transformables, avec une infrastructure inerte, mais des espaces intérieurs modulables. Ce faisant, l’entreprise espère réussir le pari d’une construction plus circulaire, tant au niveau de la consommation de matières, qu’au niveau du respect du cycle de vie humain.</mods:abstract>
          <mods:subject>
            <mods:topic>Cycl-Home</mods:topic>
          </mods:subject>
          <mods:subject>
            <mods:topic>Economie Circulaire</mods:topic>
          </mods:subject>
          <mods:subject>
            <mods:topic>Construction durable</mods:topic>
          </mods:subject>
          <mods:subject>
            <mods:topic>Habitation modulable</mods:topic>
          </mods:subject>
          <mods:subject>
            <mods:topic>Business Plan</mods:topic>
          </mods:subject>
          <mods:subject>
            <mods:topic>Entrepreneuriat</mods:topic>
          </mods:subject>
          <mods:relatedItem otherType="faculty">
            <mods:titleInfo>
              <mods:title>Louvain School of Management</mods:title>
            </mods:titleInfo>
          </mods:relatedItem>
          <mods:name type="personal">
            <mods:namePart>Helbois, Dominique</mods:namePart>
            <mods:nameIdentifier type="email">dominique.helbois@uclouvain.be</mods:nameIdentifier>
            <mods:affiliation>UCLouvain</mods:affiliation>
            <mods:role>
              <mods:roleTerm type="text">advisor</mods:roleTerm>
            </mods:role>
          </mods:name>
          <mods:relatedItem otherType="note">
            <mods:titleInfo>
              <mods:title>accepted</mods:title>
            </mods:titleInfo>
            <mods:originInfo>
              <mods:dateCreated>2017-12-11T15:23:19.000Z</mods:dateCreated>
            </mods:originInfo>
            <mods:name>
              <mods:namePart>alice.baugniet@uclouvain.be</mods:namePart>
            </mods:name>
            <mods:note>La diffusion de ce mémoire n'est pas autorisée par l'institution</mods:note>
          </mods:relatedItem>
        </mods:mods>
      </mets:xmlData>
    </mets:mdWrap>
  </mets:dmdSec>
  <mets:fileSec>
    <mets:fileGrp USE="CONTENT">
      <mets:file ID="file-1" MIMETYPE="application/pdf">
        <mets:FLocat LOCTYPE="URL" xlink:href="files/DAGNELIE_90651500_2017.pdf"/>
      </mets:file>
      <mets:file ID="file-2" MIMETYPE="application/pdf">
        <mets:FLocat LOCTYPE="URL" xlink:href="files/DAGNELIE_90651500_2017_Annexes.pdf"/>
      </mets:file>
    </mets:fileGrp>
  </mets:fileSec>
  <mets:structMap ID="main-structure" LABEL="structure" TYPE="LOGICAL">
    <mets:div DMDID="OBJ_METADATA">
      <mets:div TYPE="File">
        <mets:fptr FILEID="file-1"/>
      </mets:div>
      <mets:div TYPE="File">
        <mets:fptr FILEID="file-2"/>
      </mets:div>
    </mets:div>
  </mets:structMap>
  <mets:structMap LABEL="Parent">
    <mets:div>
      <mets:mptr LOCTYPE="URN" xlink:href="123456789/2"/>
    </mets:div>
  </mets:structMap>
</mets:mets>
