<?xml version='1.0' encoding='UTF-8'?>
<mets:mets xmlns:mets="http://www.loc.gov/METS/" xmlns:xlink="http://www.w3.org/1999/xlink" xmlns:mods="http://www.loc.gov/mods/v3" xmlns:xsi="http://www.w3.org/2001/XMLSchema-instance" xsi:schemaLocation="http://www.loc.gov/METS/ https://www.loc.gov/standards/mets/mets.xsd http://www.loc.gov/mods/v3 http://www.loc.gov/standards/mods/v3/mods-3-8.xsd" ID="thesis-44105" OBJID="hdl:2078.1/thesis:44105" PROFILE="DSpace METS SIP Profile">
  <mets:metsHdr>
    <mets:agent ROLE="CUSTODIAN" TYPE="ORGANIZATION">
      <mets:name>UCLouvain</mets:name>
      <mets:note>FedoraExporter script v1.0</mets:note>
    </mets:agent>
  </mets:metsHdr>
  <mets:dmdSec ID="OBJ_METADATA">
    <mets:mdWrap MDTYPE="OTHER" OTHERMDTYPE="MODS-THESIS" MIMETYPE="text/xml">
      <mets:xmlData>
        <mods:mods version="3.8">
          <mods:name type="personal">
            <mods:namePart>Casterman, Valentine</mods:namePart>
            <mods:nameIdentifier type="email">valentine.casterman@student.uclouvain.be</mods:nameIdentifier>
            <mods:nameIdentifier type="fgs">371599</mods:nameIdentifier>
            <mods:affiliation>UCLouvain</mods:affiliation>
            <mods:nameIdentifier type="degree_label">Master [120] en architecture, à finalité spécialisée (Bruxelles)</mods:nameIdentifier>
            <mods:nameIdentifier type="degree_code">ARCB2MS/G</mods:nameIdentifier>
            <mods:role>
              <mods:roleTerm type="text">author</mods:roleTerm>
            </mods:role>
          </mods:name>
          <mods:language>
            <mods:languageTerm type="code" authority="iso639-2b">fre</mods:languageTerm>
          </mods:language>
          <mods:titleInfo>
            <mods:title>La Cité de l'Amitié comme exemple d'architecture inclusive</mods:title>
          </mods:titleInfo>
          <mods:originInfo>
            <mods:dateIssued>2024</mods:dateIssued>
            <mods:dateOther type="session">janvier</mods:dateOther>
          </mods:originInfo>
          <mods:recordInfo>
            <mods:recordCreationDate>2024/01/09 18:39</mods:recordCreationDate>
            <mods:recordInfoNote type="submitter_name">Valentine Casterman (UCL - 371599)</mods:recordInfoNote>
            <mods:recordInfoNote type="submitter_email">valentine.casterman@student.uclouvain.be</mods:recordInfoNote>
          </mods:recordInfo>
          <mods:relatedItem otherType="note">
            <mods:titleInfo>
              <mods:title>submitted</mods:title>
            </mods:titleInfo>
          </mods:relatedItem>
          <mods:abstract>Imaginée dans les années 1970, la Cité de l’Amitié est un bel exemple architectural de lieu pionnier dans l’intégration des personnes en situation de handicap. Subissant toutefois le poids du temps et des politiques établies, la cité pourrait réactualiser ses ambitions initiales. Grâce à l’analyse du site, cette étude permet de comprendre les qualités architecturales et l’impact sociétal de la Cité. Les travaux de recherche sur site, les observations et les réflexions ont permis de trouver les clés d’un projet de rénovation et d’évolution, alliant pragmatisme et esthétisme.Le jeu de venelles permet à tout un chacun de pouvoir circuler et sa variété et son lien étroit avec les logements en font un endroit riche et propice pour les rencontres inter-habitants. Ces rencontres sont essentielles pour créer un sentiment de voisinage entre les habitants et permettre ainsi l’entraide et la bienveillance. Des espaces de partage plus formels sont des lieux idéaux pour continuer à tisser les liens et qui permettent d’étendre son logement et de faciliter l’accès à des services pour tout le monde. Les personnes en situation de handicap sont chaque jour confrontées à des problèmes d’accessibilité car l’architecture bien souvent ne tient pas compte de ce type de difficulté. Il faut alors chercher une solution, demander de l’aide ou faire demi-tour, ce qui ne fait que rappeler que la société ne pense pas à imaginer les espaces de manière équitable pour tous. Il est primordial que les architectes d’aujourd’hui imaginent leurs futurs projets en gardant en tête l’Universal Design pour aller au-delà des normes PMR, qui sont le strict nécessaire. L’inclusion, au-delà de l’adaptation physique, c’est également de créer des lieux qui peuvent laisser place à des moments de partage et d’interaction.</mods:abstract>
          <mods:subject>
            <mods:topic>Cité de l'Amitié</mods:topic>
          </mods:subject>
          <mods:subject>
            <mods:topic>Architecture inclusive</mods:topic>
          </mods:subject>
          <mods:subject>
            <mods:topic>Universel design</mods:topic>
          </mods:subject>
          <mods:subject>
            <mods:topic>logement social</mods:topic>
          </mods:subject>
          <mods:subject>
            <mods:topic>habitat collectif</mods:topic>
          </mods:subject>
          <mods:subject>
            <mods:topic>AUSSIA</mods:topic>
          </mods:subject>
          <mods:subject>
            <mods:topic>Inclusion</mods:topic>
          </mods:subject>
          <mods:subject>
            <mods:topic>PMR</mods:topic>
          </mods:subject>
          <mods:identifier type="hdl">2078.1/thesis:44105</mods:identifier>
          <mods:genre authority="coar" valueURI="http://purl.org/coar/resource_type/c_bdcc">master thesis</mods:genre>
          <mods:relatedItem otherType="faculty">
            <mods:titleInfo>
              <mods:title>Faculté d'architecture, ingénierie architecturale, urbanisme</mods:title>
            </mods:titleInfo>
          </mods:relatedItem>
          <mods:name type="personal">
            <mods:namePart>Anselmo, Andrea</mods:namePart>
            <mods:nameIdentifier type="email">andrea.anselmo@uclouvain.be</mods:nameIdentifier>
            <mods:affiliation>UCLouvain</mods:affiliation>
            <mods:role>
              <mods:roleTerm type="text">advisor</mods:roleTerm>
            </mods:role>
          </mods:name>
          <mods:name type="personal">
            <mods:namePart>Fontaine, Christine</mods:namePart>
            <mods:nameIdentifier type="email">christine.fontaine@uclouvain.be</mods:nameIdentifier>
            <mods:affiliation>UCLouvain</mods:affiliation>
            <mods:role>
              <mods:roleTerm type="text">advisor</mods:roleTerm>
            </mods:role>
          </mods:name>
          <mods:name type="personal">
            <mods:namePart>Ledent, Gérald</mods:namePart>
            <mods:nameIdentifier type="email">gerald.ledent@uclouvain.be</mods:nameIdentifier>
            <mods:affiliation>UCLouvain</mods:affiliation>
            <mods:role>
              <mods:roleTerm type="text">advisor</mods:roleTerm>
            </mods:role>
          </mods:name>
          <mods:name type="personal">
            <mods:namePart>Chanvillard, Cécile</mods:namePart>
            <mods:nameIdentifier type="email">cecile.chanvillard@uclouvain.be</mods:nameIdentifier>
            <mods:affiliation>UCLouvain</mods:affiliation>
            <mods:role>
              <mods:roleTerm type="text">advisor</mods:roleTerm>
            </mods:role>
          </mods:name>
          <mods:identifier type="fedora_pid">thesis:44105</mods:identifier>
        </mods:mods>
      </mets:xmlData>
    </mets:mdWrap>
  </mets:dmdSec>
  <mets:fileSec>
    <mets:fileGrp USE="CONTENT">
      <mets:file ID="file-1" MIMETYPE="application/pdf">
        <mets:FLocat LOCTYPE="URL" xlink:href="files/Casterman_35621800_2024_Annexes.pdf"/>
      </mets:file>
      <mets:file ID="file-2" MIMETYPE="application/pdf">
        <mets:FLocat LOCTYPE="URL" xlink:href="files/Casterman_35621800_2024.pdf"/>
      </mets:file>
    </mets:fileGrp>
  </mets:fileSec>
  <mets:structMap ID="main-structure" LABEL="structure" TYPE="LOGICAL">
    <mets:div DMDID="OBJ_METADATA">
      <mets:div TYPE="File">
        <mets:fptr FILEID="file-1"/>
      </mets:div>
      <mets:div TYPE="File">
        <mets:fptr FILEID="file-2"/>
      </mets:div>
    </mets:div>
  </mets:structMap>
  <mets:structMap LABEL="Parent">
    <mets:div>
      <mets:mptr LOCTYPE="URN" xlink:href="123456789/2"/>
    </mets:div>
  </mets:structMap>
</mets:mets>
