<?xml version='1.0' encoding='UTF-8'?>
<mets:mets xmlns:mets="http://www.loc.gov/METS/" xmlns:xlink="http://www.w3.org/1999/xlink" xmlns:mods="http://www.loc.gov/mods/v3" xmlns:xsi="http://www.w3.org/2001/XMLSchema-instance" xsi:schemaLocation="http://www.loc.gov/METS/ https://www.loc.gov/standards/mets/mets.xsd http://www.loc.gov/mods/v3 http://www.loc.gov/standards/mods/v3/mods-3-8.xsd" ID="thesis-43615" OBJID="hdl:2078.1/thesis:43615" PROFILE="DSpace METS SIP Profile">
  <mets:metsHdr>
    <mets:agent ROLE="CUSTODIAN" TYPE="ORGANIZATION">
      <mets:name>UCLouvain</mets:name>
      <mets:note>FedoraExporter script v1.0</mets:note>
    </mets:agent>
  </mets:metsHdr>
  <mets:dmdSec ID="OBJ_METADATA">
    <mets:mdWrap MDTYPE="OTHER" OTHERMDTYPE="MODS-THESIS" MIMETYPE="text/xml">
      <mets:xmlData>
        <mods:mods version="3.8">
          <mods:name type="personal">
            <mods:namePart>Laurent, Mathilde</mods:namePart>
            <mods:nameIdentifier type="email">mathilde.f.laurent@student.uclouvain.be</mods:nameIdentifier>
            <mods:nameIdentifier type="fgs">404409</mods:nameIdentifier>
            <mods:affiliation>UCLouvain</mods:affiliation>
            <mods:nameIdentifier type="degree_label">Master [120] en politique économique et sociale, à finalité spécialisée (horaire décalé): analyse et évaluation des politiques</mods:nameIdentifier>
            <mods:nameIdentifier type="degree_code">OPES2MS/ES</mods:nameIdentifier>
            <mods:role>
              <mods:roleTerm type="text">author</mods:roleTerm>
            </mods:role>
          </mods:name>
          <mods:language>
            <mods:languageTerm type="code" authority="iso639-2b">fre</mods:languageTerm>
          </mods:language>
          <mods:titleInfo>
            <mods:title>Types de leadership et leurs effets positifs et négatifs en entreprise libérée et impacts des différences d'âge. Une analyse à la lumière de la théorie de la sélectivité socio-émotionnelle.</mods:title>
          </mods:titleInfo>
          <mods:originInfo>
            <mods:dateIssued>2023</mods:dateIssued>
            <mods:dateOther type="session">septembre</mods:dateOther>
          </mods:originInfo>
          <mods:recordInfo>
            <mods:recordCreationDate>2023/09/20 11:04</mods:recordCreationDate>
            <mods:recordInfoNote type="submitter_name">Jenifer Colleye (UCL - 532063)</mods:recordInfoNote>
            <mods:recordInfoNote type="submitter_email">jenifer.colleye@uclouvain.be</mods:recordInfoNote>
          </mods:recordInfo>
          <mods:abstract>Ce mémoire gravite autour de trois questions de recherche. Nous nous questionnons d’abord sur le(s) type(s) de leadership mis en œuvre en entreprise libérée. Ensuite, nous nous demandons quels sont, sur les managers, leurs équipes et l’organisation, les effets positifs et négatifs, du/des type(s) de leadership mis en œuvre en entreprise libérée. Pour finir, nous nous interrogeons sur les potentiels impacts que pourraient engendrer les différences d’âge des managers sur leur mise en œuvre du leadership, leurs motivations et objectifs ainsi que leur ressenti par rapport aux effets positifs et négatifs du/des type(s) de leadership. Notre revue de la littérature sert alors, dans un premier temps, à définir les concepts d’entreprise libérée, de management et de leadership. Ensuite, nous exposerons quatre catégories distinctes de leadership (le leadership directif, le leadership visionnaire d’un leader charismatique, le leadership en équipe et le leadership humain) et nous relèverons pour chacune d’entre elle leurs caractéristiques ainsi que leurs effets positifs et négatifs. Pour finir, nous aborderons la théorie de la sélectivité socio-émotionnelle et son adaptation au monde du travail pour pouvoir traiter la question sur les différences d’âge des managers. La récolte des données s’effectuera à l’aide d’un entretien collectif et d’entretiens individuels auprès des managers de l’entreprise libérée Clinitex et nous permettra de répondre à nos trois questions de recherche.</mods:abstract>
          <mods:subject>
            <mods:topic>Leadership</mods:topic>
          </mods:subject>
          <mods:subject>
            <mods:topic>Management</mods:topic>
          </mods:subject>
          <mods:subject>
            <mods:topic>Entreprise libérée</mods:topic>
          </mods:subject>
          <mods:subject>
            <mods:topic>Différences d'âge au travail</mods:topic>
          </mods:subject>
          <mods:subject>
            <mods:topic>Théorie de la sélectivité socio-émotionnelle</mods:topic>
          </mods:subject>
          <mods:identifier type="hdl">2078.1/thesis:43615</mods:identifier>
          <mods:genre authority="coar" valueURI="http://purl.org/coar/resource_type/c_bdcc">master thesis</mods:genre>
          <mods:relatedItem otherType="faculty">
            <mods:titleInfo>
              <mods:title>Faculté des sciences économiques, sociales, politiques et de communication</mods:title>
            </mods:titleInfo>
          </mods:relatedItem>
          <mods:name type="personal">
            <mods:namePart>Desmette Donatienne</mods:namePart>
            <mods:nameIdentifier type="email">donatienne.desmette@uclouvain.be</mods:nameIdentifier>
            <mods:affiliation>UCLouvain</mods:affiliation>
            <mods:role>
              <mods:roleTerm type="text">advisor</mods:roleTerm>
            </mods:role>
          </mods:name>
          <mods:relatedItem otherType="note">
            <mods:titleInfo>
              <mods:title>accepted</mods:title>
            </mods:titleInfo>
            <mods:originInfo>
              <mods:dateCreated>2024-02-08T10:51:11.000Z</mods:dateCreated>
            </mods:originInfo>
            <mods:name>
              <mods:namePart>anne-francoise.bray@uclouvain.be</mods:namePart>
            </mods:name>
          </mods:relatedItem>
          <mods:identifier type="fedora_pid">thesis:43615</mods:identifier>
        </mods:mods>
      </mets:xmlData>
    </mets:mdWrap>
  </mets:dmdSec>
  <mets:fileSec>
    <mets:fileGrp USE="CONTENT">
      <mets:file ID="file-1" MIMETYPE="application/pdf">
        <mets:FLocat LOCTYPE="URL" xlink:href="files/Laurent_04572001_2023.pdf"/>
      </mets:file>
      <mets:file ID="file-2" MIMETYPE="application/pdf" ADMID="amd-file-2">
        <mets:FLocat LOCTYPE="URL" xlink:href="files/Laurent_04572001_2023_Annexe1.pdf"/>
      </mets:file>
    </mets:fileGrp>
  </mets:fileSec>
  <mets:structMap ID="main-structure" LABEL="structure" TYPE="LOGICAL">
    <mets:div DMDID="OBJ_METADATA">
      <mets:div TYPE="File">
        <mets:fptr FILEID="file-1"/>
      </mets:div>
      <mets:div TYPE="File">
        <mets:fptr FILEID="file-2"/>
      </mets:div>
    </mets:div>
  </mets:structMap>
  <mets:amdSec ID="amd-file-2">
    <mets:rightsMD ID="rights-file-2">
      <mets:mdWrap MDTYPE="OTHER" OTHERMDTYPE="METSRIGHTS">
        <mets:xmlData>
          <rights:RightsDeclarationMD xmlns:rights="http://cosimo.stanford.edu/sdr/metsrights/">
            <rights:Context CONTEXTCLASS="REPOSITORY MGR" rpName="administrator">
              <rights:Permissions DISCOVER="true" DISPLAY="true" MODIFY="false" DELETE="false" OTHER="false"/>
            </rights:Context>
          </rights:RightsDeclarationMD>
        </mets:xmlData>
      </mets:mdWrap>
    </mets:rightsMD>
  </mets:amdSec>
  <mets:structMap LABEL="Parent">
    <mets:div>
      <mets:mptr LOCTYPE="URN" xlink:href="123456789/2"/>
    </mets:div>
  </mets:structMap>
</mets:mets>
