<?xml version='1.0' encoding='UTF-8'?>
<mets:mets xmlns:mets="http://www.loc.gov/METS/" xmlns:xlink="http://www.w3.org/1999/xlink" xmlns:mods="http://www.loc.gov/mods/v3" xmlns:xsi="http://www.w3.org/2001/XMLSchema-instance" xsi:schemaLocation="http://www.loc.gov/METS/ https://www.loc.gov/standards/mets/mets.xsd http://www.loc.gov/mods/v3 http://www.loc.gov/standards/mods/v3/mods-3-8.xsd" ID="thesis-6615" OBJID="hdl:2078.1/thesis:6615" PROFILE="DSpace METS SIP Profile">
  <mets:metsHdr RECORDSTATUS="inactive">
    <mets:agent ROLE="CUSTODIAN" TYPE="ORGANIZATION">
      <mets:name>UCLouvain</mets:name>
      <mets:note>FedoraExporter script v1.0</mets:note>
    </mets:agent>
  </mets:metsHdr>
  <mets:dmdSec ID="OBJ_METADATA">
    <mets:mdWrap MDTYPE="OTHER" OTHERMDTYPE="MODS-THESIS" MIMETYPE="text/xml">
      <mets:xmlData>
        <mods:mods version="3.8">
          <mods:name type="personal">
            <mods:namePart>Meunier, Florine</mods:namePart>
            <mods:affiliation>UCLouvain</mods:affiliation>
            <mods:nameIdentifier type="degree_label">Master [120] en sciences politiques</mods:nameIdentifier>
            <mods:role>
              <mods:roleTerm type="text">author</mods:roleTerm>
            </mods:role>
          </mods:name>
          <mods:language>
            <mods:languageTerm type="code" authority="iso639-2b">fre</mods:languageTerm>
          </mods:language>
          <mods:titleInfo>
            <mods:title>Cleptocratie, clientélisme et répression : triomphe de la prédation politique en Haïti</mods:title>
          </mods:titleInfo>
          <mods:originInfo>
            <mods:dateIssued>2011</mods:dateIssued>
          </mods:originInfo>
          <mods:recordInfo>
            <mods:recordCreationDate>2016-06-07 14:00</mods:recordCreationDate>
            <mods:recordInfoNote type="submitter_name">Bibsys</mods:recordInfoNote>
            <mods:recordInfoNote type="submitter_email">bibsys@uclouvain.be</mods:recordInfoNote>
          </mods:recordInfo>
          <mods:relatedItem otherType="note">
            <mods:titleInfo>
              <mods:title>accepted</mods:title>
            </mods:titleInfo>
            <mods:originInfo>
              <mods:dateCreated>2016-06-07 14:00</mods:dateCreated>
            </mods:originInfo>
            <mods:name>
              <mods:namePart>bibsys@uclouvain.be</mods:namePart>
            </mods:name>
          </mods:relatedItem>
          <mods:identifier type="hdl">2078.1/thesis:6615</mods:identifier>
          <mods:genre authority="coar" valueURI="http://purl.org/coar/resource_type/c_bdcc">master thesis</mods:genre>
          <mods:relatedItem otherType="faculty">
            <mods:titleInfo>
              <mods:title>FUCaM</mods:title>
            </mods:titleInfo>
          </mods:relatedItem>
          <mods:name type="personal">
            <mods:namePart>Rodriguez-Torres, Deyssi</mods:namePart>
            <mods:affiliation>UCLouvain</mods:affiliation>
            <mods:role>
              <mods:roleTerm type="text">advisor</mods:roleTerm>
            </mods:role>
          </mods:name>
          <mods:identifier type="fedora_pid">thesis:6615</mods:identifier>
        </mods:mods>
      </mets:xmlData>
    </mets:mdWrap>
  </mets:dmdSec>
  <mets:fileSec>
    <mets:fileGrp USE="CONTENT">
      <mets:file ID="file-1" MIMETYPE="application/pdf" ADMID="amd-file-1">
        <mets:FLocat LOCTYPE="URL" xlink:href="files/Meunier_Florine.pdf"/>
      </mets:file>
      <mets:file ID="file-2" MIMETYPE="application/pdf" ADMID="amd-file-2">
        <mets:FLocat LOCTYPE="URL" xlink:href="files/Meunier_Florine_annexes.pdf"/>
      </mets:file>
    </mets:fileGrp>
  </mets:fileSec>
  <mets:structMap ID="main-structure" LABEL="structure" TYPE="LOGICAL">
    <mets:div DMDID="OBJ_METADATA">
      <mets:div TYPE="File">
        <mets:fptr FILEID="file-1"/>
      </mets:div>
      <mets:div TYPE="File">
        <mets:fptr FILEID="file-2"/>
      </mets:div>
    </mets:div>
  </mets:structMap>
  <mets:amdSec ID="amd-file-1">
    <mets:rightsMD ID="rights-file-1">
      <mets:mdWrap MDTYPE="OTHER" OTHERMDTYPE="METSRIGHTS">
        <mets:xmlData>
          <rights:RightsDeclarationMD xmlns:rights="http://cosimo.stanford.edu/sdr/metsrights/">
            <rights:Context CONTEXTCLASS="MANAGED GRP" rpName="UCLouvain networks restriction">
              <rights:Permissions DISCOVER="true" DISPLAY="true" MODIFY="false" DELETE="false" OTHER="false"/>
              <rights:UserName>UCLouvain network</rights:UserName>
            </rights:Context>
          </rights:RightsDeclarationMD>
        </mets:xmlData>
      </mets:mdWrap>
    </mets:rightsMD>
  </mets:amdSec>
  <mets:amdSec ID="amd-file-2">
    <mets:rightsMD ID="rights-file-2">
      <mets:mdWrap MDTYPE="OTHER" OTHERMDTYPE="METSRIGHTS">
        <mets:xmlData>
          <rights:RightsDeclarationMD xmlns:rights="http://cosimo.stanford.edu/sdr/metsrights/">
            <rights:Context CONTEXTCLASS="MANAGED GRP" rpName="UCLouvain networks restriction">
              <rights:Permissions DISCOVER="true" DISPLAY="true" MODIFY="false" DELETE="false" OTHER="false"/>
              <rights:UserName>UCLouvain network</rights:UserName>
            </rights:Context>
          </rights:RightsDeclarationMD>
        </mets:xmlData>
      </mets:mdWrap>
    </mets:rightsMD>
  </mets:amdSec>
  <mets:structMap LABEL="Parent">
    <mets:div>
      <mets:mptr LOCTYPE="URN" xlink:href="123456789/2"/>
    </mets:div>
  </mets:structMap>
</mets:mets>
