<?xml version='1.0' encoding='UTF-8'?>
<mets:mets xmlns:mets="http://www.loc.gov/METS/" xmlns:xlink="http://www.w3.org/1999/xlink" xmlns:mods="http://www.loc.gov/mods/v3" xmlns:xsi="http://www.w3.org/2001/XMLSchema-instance" xsi:schemaLocation="http://www.loc.gov/METS/ https://www.loc.gov/standards/mets/mets.xsd http://www.loc.gov/mods/v3 http://www.loc.gov/standards/mods/v3/mods-3-8.xsd" ID="thesis-19207" OBJID="hdl:2078.1/thesis:19207" PROFILE="DSpace METS SIP Profile">
  <mets:metsHdr>
    <mets:agent ROLE="CUSTODIAN" TYPE="ORGANIZATION">
      <mets:name>UCLouvain</mets:name>
      <mets:note>FedoraExporter script v1.0</mets:note>
    </mets:agent>
  </mets:metsHdr>
  <mets:dmdSec ID="OBJ_METADATA">
    <mets:mdWrap MDTYPE="OTHER" OTHERMDTYPE="MODS-THESIS" MIMETYPE="text/xml">
      <mets:xmlData>
        <mods:mods version="3.8">
          <mods:name type="personal">
            <mods:namePart>Courtat, Camille</mods:namePart>
            <mods:nameIdentifier type="email">camille.courtat@student.uclouvain.be</mods:nameIdentifier>
            <mods:nameIdentifier type="fgs">344288</mods:nameIdentifier>
            <mods:affiliation>UCLouvain</mods:affiliation>
            <mods:nameIdentifier type="degree_label">Master [120] en études européennes (UCLouvain / USL-B)</mods:nameIdentifier>
            <mods:nameIdentifier type="degree_code">EURO2M</mods:nameIdentifier>
            <mods:role>
              <mods:roleTerm type="text">author</mods:roleTerm>
            </mods:role>
          </mods:name>
          <mods:language>
            <mods:languageTerm type="code" authority="iso639-2b">fre</mods:languageTerm>
          </mods:language>
          <mods:titleInfo>
            <mods:title>Les caricatures sur la crise des réfugiés dans l'Union européenne, un rempart pour la démocratie.</mods:title>
          </mods:titleInfo>
          <mods:originInfo>
            <mods:dateIssued>2019</mods:dateIssued>
            <mods:dateOther type="session">juin</mods:dateOther>
          </mods:originInfo>
          <mods:recordInfo>
            <mods:recordCreationDate>2019/06/03 10:33</mods:recordCreationDate>
            <mods:recordInfoNote type="submitter_name">Camille Courtat (UCL - 344288)</mods:recordInfoNote>
            <mods:recordInfoNote type="submitter_email">camille.courtat@student.uclouvain.be</mods:recordInfoNote>
          </mods:recordInfo>
          <mods:abstract>La crise des réfugiés qui a touché l'Union européenne entre 2012 et 2018 a révélé des dysfonctionnements européens. De naufrages en naufrages, les européens se retrouvent face à l'arrivée de milliers de réfugiés, qui fuient la guerre et les persécutions des pays du continent africain. Pourtant sous nos yeux, l'Union européenne a tardé à réagir. Les caricatures qui sont apparues dans la presse révèlent l'incapacité des 28 Etats membres à agir ensemble. Les frontières extérieures de l'Union européenne n'ont jamais été aussi difficiles à franchir pour les réfugiés. Le retour des contrôles aux frontières dans l'Union européenne a fini par provoquer la crise de l'espace Schengen. De plus, l'accord avec la Turquie et l'échec des quotas obligatoires a plongé l'Union européenne dans la crise de ses valeurs. Mais la liberté d'expression permet la publication de caricatures, porteuses de messages pour les lecteurs. Si on s'accorde à dire qu'elles ne jouent pas un rôle dans l'évolution des politiques, elles pèsent sur le débat. De nombreuses caricatures ont été publiées concernant la crise des réfugiés, et certaines ont fait polémique, comme celle du petit Aylan publiée dans Charlie Hebdo. Si la caricature est parfois mal interprétée, celle-ci est porteuse de libertés qui sont un rempart pour la démocratie dans l'Union européenne</mods:abstract>
          <mods:subject>
            <mods:topic>caricatures</mods:topic>
          </mods:subject>
          <mods:subject>
            <mods:topic>crise des réfugiés</mods:topic>
          </mods:subject>
          <mods:subject>
            <mods:topic>démocratie</mods:topic>
          </mods:subject>
          <mods:subject>
            <mods:topic>Union européenne</mods:topic>
          </mods:subject>
          <mods:subject>
            <mods:topic>crise des valeurs</mods:topic>
          </mods:subject>
          <mods:identifier type="hdl">2078.1/thesis:19207</mods:identifier>
          <mods:genre authority="coar" valueURI="http://purl.org/coar/resource_type/c_bdcc">master thesis</mods:genre>
          <mods:relatedItem otherType="faculty">
            <mods:titleInfo>
              <mods:title>Faculté des sciences économiques, sociales, politiques et de communication</mods:title>
            </mods:titleInfo>
          </mods:relatedItem>
          <mods:name type="personal">
            <mods:namePart>Tousignant, Nathalie</mods:namePart>
            <mods:nameIdentifier type="email">nathalie.tousignant@uclouvain.be</mods:nameIdentifier>
            <mods:affiliation>UCLouvain</mods:affiliation>
            <mods:role>
              <mods:roleTerm type="text">advisor</mods:roleTerm>
            </mods:role>
          </mods:name>
          <mods:relatedItem otherType="note">
            <mods:titleInfo>
              <mods:title>accepted</mods:title>
            </mods:titleInfo>
            <mods:originInfo>
              <mods:dateCreated>2019-09-05T15:00:03.000Z</mods:dateCreated>
            </mods:originInfo>
            <mods:name>
              <mods:namePart>julie.darquennes@uclouvain.be</mods:namePart>
            </mods:name>
          </mods:relatedItem>
          <mods:identifier type="fedora_pid">thesis:19207</mods:identifier>
        </mods:mods>
      </mets:xmlData>
    </mets:mdWrap>
  </mets:dmdSec>
  <mets:fileSec>
    <mets:fileGrp USE="CONTENT">
      <mets:file ID="file-1" MIMETYPE="application/pdf" ADMID="amd-file-1">
        <mets:FLocat LOCTYPE="URL" xlink:href="files/Courtat_53601600_2019.pdf"/>
      </mets:file>
    </mets:fileGrp>
  </mets:fileSec>
  <mets:structMap ID="main-structure" LABEL="structure" TYPE="LOGICAL">
    <mets:div DMDID="OBJ_METADATA">
      <mets:div TYPE="File">
        <mets:fptr FILEID="file-1"/>
      </mets:div>
    </mets:div>
  </mets:structMap>
  <mets:amdSec ID="amd-file-1">
    <mets:rightsMD ID="rights-file-1">
      <mets:mdWrap MDTYPE="OTHER" OTHERMDTYPE="METSRIGHTS">
        <mets:xmlData>
          <rights:RightsDeclarationMD xmlns:rights="http://cosimo.stanford.edu/sdr/metsrights/">
            <rights:Context CONTEXTCLASS="MANAGED GRP" rpName="UCLouvain networks restriction">
              <rights:Permissions DISCOVER="true" DISPLAY="true" MODIFY="false" DELETE="false" OTHER="false"/>
              <rights:UserName>UCLouvain network</rights:UserName>
            </rights:Context>
          </rights:RightsDeclarationMD>
        </mets:xmlData>
      </mets:mdWrap>
    </mets:rightsMD>
  </mets:amdSec>
  <mets:structMap LABEL="Parent">
    <mets:div>
      <mets:mptr LOCTYPE="URN" xlink:href="123456789/master_thesis_collection"/>
    </mets:div>
  </mets:structMap>
</mets:mets>
