<?xml version='1.0' encoding='UTF-8'?>
<mets:mets xmlns:mets="http://www.loc.gov/METS/" xmlns:xlink="http://www.w3.org/1999/xlink" xmlns:mods="http://www.loc.gov/mods/v3" xmlns:xsi="http://www.w3.org/2001/XMLSchema-instance" xsi:schemaLocation="http://www.loc.gov/METS/ https://www.loc.gov/standards/mets/mets.xsd http://www.loc.gov/mods/v3 http://www.loc.gov/standards/mods/v3/mods-3-8.xsd" ID="thesis-44290" OBJID="hdl:2078.1/thesis:44290" PROFILE="DSpace METS SIP Profile">
  <mets:metsHdr>
    <mets:agent ROLE="CUSTODIAN" TYPE="ORGANIZATION">
      <mets:name>UCLouvain</mets:name>
      <mets:note>FedoraExporter script v1.0</mets:note>
    </mets:agent>
  </mets:metsHdr>
  <mets:dmdSec ID="OBJ_METADATA">
    <mets:mdWrap MDTYPE="OTHER" OTHERMDTYPE="MODS-THESIS" MIMETYPE="text/xml">
      <mets:xmlData>
        <mods:mods version="3.8">
          <mods:name type="personal">
            <mods:namePart>Voufo Lokeng, Bojoel</mods:namePart>
            <mods:nameIdentifier type="email">bojoel.voufolokeng@student.uclouvain.be</mods:nameIdentifier>
            <mods:nameIdentifier type="fgs">504907</mods:nameIdentifier>
            <mods:affiliation>UCLouvain</mods:affiliation>
            <mods:nameIdentifier type="degree_label">Master de spécialisation en génie brassicole</mods:nameIdentifier>
            <mods:nameIdentifier type="degree_code">BRAS2MC</mods:nameIdentifier>
            <mods:role>
              <mods:roleTerm type="text">author</mods:roleTerm>
            </mods:role>
          </mods:name>
          <mods:language>
            <mods:languageTerm type="code" authority="iso639-2b">fre</mods:languageTerm>
          </mods:language>
          <mods:titleInfo>
            <mods:title>Etude des principes et paramètres de pasteurisation de la « diôle rosée » qui est produite par la Brasserie des Carrières</mods:title>
          </mods:titleInfo>
          <mods:originInfo>
            <mods:dateIssued>2024</mods:dateIssued>
            <mods:dateOther type="session">janvier</mods:dateOther>
          </mods:originInfo>
          <mods:recordInfo>
            <mods:recordCreationDate>2024/01/15 23:39</mods:recordCreationDate>
            <mods:recordInfoNote type="submitter_name">Bojoel Voufo Lokeng (UCL - 504907)</mods:recordInfoNote>
            <mods:recordInfoNote type="submitter_email">bojoel.voufolokeng@student.uclouvain.be</mods:recordInfoNote>
          </mods:recordInfo>
          <mods:abstract>Dans un contexte où la diversification des produits, la nouveauté et l'amélioration de la qualité sont des atouts pour les grandes brasseries et les microbrasseries, l’intérêt envers des bières fruitées demeure un problème dans le domaine brassicole, car elles sont souvent confrontées à la contamination par les micro-organismes. Louis Pasteur a démontré qu’un traitement thermique des aliments permet de réduire la population des micro-organismes à un seuil acceptable. Ce procédé est défini comme la pasteurisation. En utilisant un flash pasteur récemment acquis, la Brasserie des Carrières s’est donnée pour objectif de trouver les paramètres de pasteurisation à appliquer à la bière « diôle rosée » afin que ce produit puisse respecter les normes du marché, sur le plan physico-chimique et microbiologique. Pour y parvenir, l’unité de pasteurisation, le pH, la coloration et le trouble de la bière ont été mesurés avant et après la pasteurisation. Sur le plan physico-chimique, la pasteurisation n’a eu aucune influence sur le pH de la bière. Elle a par contre contribué à améliorer la couleur, à considérablement réduire le trouble de la bière. Sur le plan microbiologique, le falsh pasteur ne permet pas la destruction totale des micro-organismes car il ne détruit pas la forme sporulée des contaminants. D’autre part, le contrôle microbiologique au moyen de la technique PCR ne garantit également pas à 100 %, au vu des résultats différents des bières 1, 2 et 3 obtenus par milieu de culture MRS et par PCR. L’ensemble de ces résultats montrent que le nouveau flash pasteur acheté par la Brasserie des Carrières n’est pas efficace pour la production contrôler de la bière « diôle rosée » sur le plan microbiologique.</mods:abstract>
          <mods:subject>
            <mods:topic>Paramètres de pasteurisation</mods:topic>
          </mods:subject>
          <mods:subject>
            <mods:topic>Flash pasteur</mods:topic>
          </mods:subject>
          <mods:subject>
            <mods:topic>Bière fruitée</mods:topic>
          </mods:subject>
          <mods:subject>
            <mods:topic>Contaminant</mods:topic>
          </mods:subject>
          <mods:identifier type="hdl">2078.1/thesis:44290</mods:identifier>
          <mods:genre authority="coar" valueURI="http://purl.org/coar/resource_type/c_bdcc">master thesis</mods:genre>
          <mods:relatedItem otherType="faculty">
            <mods:titleInfo>
              <mods:title>Faculté des bioingénieurs</mods:title>
            </mods:titleInfo>
          </mods:relatedItem>
          <mods:name type="personal">
            <mods:namePart>Collin, Sonia</mods:namePart>
            <mods:nameIdentifier type="email">sonia.collin@uclouvain.be</mods:nameIdentifier>
            <mods:affiliation>UCLouvain</mods:affiliation>
            <mods:role>
              <mods:roleTerm type="text">advisor</mods:roleTerm>
            </mods:role>
          </mods:name>
          <mods:name type="personal">
            <mods:namePart>Maudoux, Marc</mods:namePart>
            <mods:nameIdentifier type="email">marc.maudoux@uclouvain.be</mods:nameIdentifier>
            <mods:affiliation>UCLouvain</mods:affiliation>
            <mods:role>
              <mods:roleTerm type="text">advisor</mods:roleTerm>
            </mods:role>
          </mods:name>
          <mods:name type="personal">
            <mods:namePart>Declerck, Stephan</mods:namePart>
            <mods:nameIdentifier type="email">stephan.declerck@uclouvain.be</mods:nameIdentifier>
            <mods:affiliation>UCLouvain</mods:affiliation>
            <mods:role>
              <mods:roleTerm type="text">advisor</mods:roleTerm>
            </mods:role>
          </mods:name>
          <mods:relatedItem otherType="note">
            <mods:titleInfo>
              <mods:title>accepted</mods:title>
            </mods:titleInfo>
            <mods:originInfo>
              <mods:dateCreated>2024-02-05T07:57:22.000Z</mods:dateCreated>
            </mods:originInfo>
            <mods:name>
              <mods:namePart>ursula.goffin@uclouvain.be</mods:namePart>
            </mods:name>
            <mods:note>La diffusion de ce mémoire n'est pas autorisée par l'institution</mods:note>
          </mods:relatedItem>
          <mods:identifier type="fedora_pid">thesis:44290</mods:identifier>
        </mods:mods>
      </mets:xmlData>
    </mets:mdWrap>
  </mets:dmdSec>
  <mets:fileSec>
    <mets:fileGrp USE="CONTENT">
      <mets:file ID="file-1" MIMETYPE="application/pdf" ADMID="amd-file-1">
        <mets:FLocat LOCTYPE="URL" xlink:href="files/VoufoLokeng_16182100_2024.pdf"/>
      </mets:file>
      <mets:file ID="file-2" MIMETYPE="application/pdf" ADMID="amd-file-2">
        <mets:FLocat LOCTYPE="URL" xlink:href="files/VoufoLokeng_16182100_2024_Annexes.pdf"/>
      </mets:file>
    </mets:fileGrp>
  </mets:fileSec>
  <mets:structMap ID="main-structure" LABEL="structure" TYPE="LOGICAL">
    <mets:div DMDID="OBJ_METADATA">
      <mets:div TYPE="File">
        <mets:fptr FILEID="file-1"/>
      </mets:div>
      <mets:div TYPE="File">
        <mets:fptr FILEID="file-2"/>
      </mets:div>
    </mets:div>
  </mets:structMap>
  <mets:amdSec ID="amd-file-1">
    <mets:rightsMD ID="rights-file-1">
      <mets:mdWrap MDTYPE="OTHER" OTHERMDTYPE="METSRIGHTS">
        <mets:xmlData>
          <rights:RightsDeclarationMD xmlns:rights="http://cosimo.stanford.edu/sdr/metsrights/">
            <rights:Context CONTEXTCLASS="REPOSITORY MGR" rpName="administrator">
              <rights:Permissions DISCOVER="true" DISPLAY="true" MODIFY="false" DELETE="false" OTHER="false"/>
            </rights:Context>
          </rights:RightsDeclarationMD>
        </mets:xmlData>
      </mets:mdWrap>
    </mets:rightsMD>
  </mets:amdSec>
  <mets:amdSec ID="amd-file-2">
    <mets:rightsMD ID="rights-file-2">
      <mets:mdWrap MDTYPE="OTHER" OTHERMDTYPE="METSRIGHTS">
        <mets:xmlData>
          <rights:RightsDeclarationMD xmlns:rights="http://cosimo.stanford.edu/sdr/metsrights/">
            <rights:Context CONTEXTCLASS="REPOSITORY MGR" rpName="administrator">
              <rights:Permissions DISCOVER="true" DISPLAY="true" MODIFY="false" DELETE="false" OTHER="false"/>
            </rights:Context>
          </rights:RightsDeclarationMD>
        </mets:xmlData>
      </mets:mdWrap>
    </mets:rightsMD>
  </mets:amdSec>
  <mets:structMap LABEL="Parent">
    <mets:div>
      <mets:mptr LOCTYPE="URN" xlink:href="123456789/2"/>
    </mets:div>
  </mets:structMap>
</mets:mets>
