<?xml version='1.0' encoding='UTF-8'?>
<mets:mets xmlns:mets="http://www.loc.gov/METS/" xmlns:xlink="http://www.w3.org/1999/xlink" xmlns:mods="http://www.loc.gov/mods/v3" xmlns:xsi="http://www.w3.org/2001/XMLSchema-instance" xsi:schemaLocation="http://www.loc.gov/METS/ https://www.loc.gov/standards/mets/mets.xsd http://www.loc.gov/mods/v3 http://www.loc.gov/standards/mods/v3/mods-3-8.xsd" ID="thesis-18335" OBJID="hdl:2078.1/thesis:18335" PROFILE="DSpace METS SIP Profile">
  <mets:dmdSec ID="OBJ_METADATA">
    <mets:mdWrap MDTYPE="OTHER" OTHERMDTYPE="MODS-THESIS" MIMETYPE="text/xml">
      <mets:xmlData>
        <mods:mods version="3.8">
          <mods:name type="personal">
            <mods:namePart>van Zuylen van Nyevelt, Gabrielle</mods:namePart>
            <mods:nameIdentifier type="email">gabrielle.vanzuylen@student.uclouvain.be</mods:nameIdentifier>
            <mods:nameIdentifier type="fgs">315094</mods:nameIdentifier>
            <mods:affiliation>UCLouvain</mods:affiliation>
            <mods:nameIdentifier type="degree_label">Master [120] en sciences psychologiques</mods:nameIdentifier>
            <mods:nameIdentifier type="degree_code">PSY2M</mods:nameIdentifier>
            <mods:role>
              <mods:roleTerm type="text">author</mods:roleTerm>
            </mods:role>
          </mods:name>
          <mods:language>
            <mods:languageTerm type="code" authority="iso639-2b">fre</mods:languageTerm>
          </mods:language>
          <mods:titleInfo>
            <mods:title>Le vécu de la transition des études secondaires aux études supérieures chez les personnes sourdes et malentendantes - Etude de cas longitudinale d'un jeune sourd</mods:title>
          </mods:titleInfo>
          <mods:originInfo>
            <mods:dateIssued>2019</mods:dateIssued>
            <mods:dateOther type="session">juin</mods:dateOther>
          </mods:originInfo>
          <mods:recordInfo>
            <mods:recordCreationDate>2019/05/15 13:53</mods:recordCreationDate>
            <mods:recordInfoNote type="submitter_name">Gabrielle van Zuylen van Nyevelt (UCL - 315094)</mods:recordInfoNote>
            <mods:recordInfoNote type="submitter_email">gabrielle.vanzuylen@student.uclouvain.be</mods:recordInfoNote>
          </mods:recordInfo>
          <mods:abstract>Le passage de l’école secondaire aux études supérieures est un événement clé dans la vie de toute personne. Cette transition peut s’avérer souvent compliquée, face au processus de l’orientation, aux changements contextuels, méthodologiques, ou encore sociaux. Lorsque s’ajoute à cela un handicap sensoriel, le jeune doit faire face à de réels enjeux. Dans ce mémoire, nous allons explorer le vécu de la personne sourde à travers cette transition post-secondaire. A la lumière du modèle écosystémique de Bronfenbrenner, nous investiguons les différents contextes influençant l’étudiant. Nous analysons les différents facteurs entrant en jeu dans la transition ainsi que les spécificités liées à la surdité. Comment est vécue la transition de l'école secondaire à l'enseignement supérieur chez le jeune sourd ou malentendant ? Quelle est la place du handicap dans le vécu de cette transition ? En vue de répondre à ces différentes questions et dans le cadre d’une recherche qualitative longitudinale, nous avons rencontré un étudiant sourd ainsi que son entourage proche (parents, professionnels) pour réaliser une étude de cas. Afin d’explorer leur cheminement, nous nous sommes focalisées sur le vécu de cette transition, en interprétant les entretiens au moyen de l’Interpretative Phenomenoligical Analysis (IPA). Cette étude nous permet ainsi de mieux comprendre les enjeux de la transition ainsi que la place qu’occupe la surdité dans celle-ci.</mods:abstract>
          <mods:subject>
            <mods:topic>surdité</mods:topic>
          </mods:subject>
          <mods:subject>
            <mods:topic>transition</mods:topic>
          </mods:subject>
          <mods:subject>
            <mods:topic>études supérieures</mods:topic>
          </mods:subject>
          <mods:subject>
            <mods:topic>IPA</mods:topic>
          </mods:subject>
          <mods:subject>
            <mods:topic>Etude de cas</mods:topic>
          </mods:subject>
          <mods:subject>
            <mods:topic>transition postsecondaire</mods:topic>
          </mods:subject>
          <mods:subject>
            <mods:topic>étudiant sourd</mods:topic>
          </mods:subject>
          <mods:relatedItem otherType="faculty">
            <mods:titleInfo>
              <mods:title>Faculté de psychologie et des sciences de l'éducation</mods:title>
            </mods:titleInfo>
          </mods:relatedItem>
          <mods:name type="personal">
            <mods:namePart>Nils, Frédéric</mods:namePart>
            <mods:nameIdentifier type="email">frederic.nils@uclouvain.be</mods:nameIdentifier>
            <mods:affiliation>UCLouvain</mods:affiliation>
            <mods:role>
              <mods:roleTerm type="text">advisor</mods:roleTerm>
            </mods:role>
          </mods:name>
          <mods:name type="personal">
            <mods:namePart>Dangoisse, Florence</mods:namePart>
            <mods:nameIdentifier type="email">florence.dangoisse@uclouvain.be</mods:nameIdentifier>
            <mods:affiliation>UCLouvain</mods:affiliation>
            <mods:role>
              <mods:roleTerm type="text">advisor</mods:roleTerm>
            </mods:role>
          </mods:name>
          <mods:relatedItem otherType="note">
            <mods:titleInfo>
              <mods:title>accepted</mods:title>
            </mods:titleInfo>
            <mods:originInfo>
              <mods:dateCreated>2019-07-16T11:19:19.000Z</mods:dateCreated>
            </mods:originInfo>
            <mods:name>
              <mods:namePart>elea.fioroni@uclouvain.be</mods:namePart>
            </mods:name>
          </mods:relatedItem>
        </mods:mods>
      </mets:xmlData>
    </mets:mdWrap>
  </mets:dmdSec>
  <mets:fileSec>
    <mets:fileGrp USE="CONTENT">
      <mets:file ID="file-1" MIMETYPE="application/pdf">
        <mets:FLocat LOCTYPE="URL" xlink:href="files/vanZuylenvanNyevelt_56571400_2019.pdf"/>
      </mets:file>
      <mets:file ID="file-2" MIMETYPE="application/pdf">
        <mets:FLocat LOCTYPE="URL" xlink:href="files/vanZuylenvanNyevelt_56571400_2019_Résumé.pdf"/>
      </mets:file>
      <mets:file ID="file-3" MIMETYPE="application/pdf">
        <mets:FLocat LOCTYPE="URL" xlink:href="files/vanZuylenvanNyevelt_56571400_2019_Erratum.pdf"/>
      </mets:file>
    </mets:fileGrp>
  </mets:fileSec>
  <mets:structMap ID="main-structure" LABEL="structure" TYPE="LOGICAL">
    <mets:div DMDID="OBJ_METADATA">
      <mets:div TYPE="File">
        <mets:fptr FILEID="file-1"/>
      </mets:div>
      <mets:div TYPE="File">
        <mets:fptr FILEID="file-2"/>
      </mets:div>
      <mets:div TYPE="File">
        <mets:fptr FILEID="file-3"/>
      </mets:div>
    </mets:div>
  </mets:structMap>
  <mets:structMap LABEL="Parent">
    <mets:div>
      <mets:mptr LOCTYPE="URN" xlink:href="123456789/2"/>
    </mets:div>
  </mets:structMap>
</mets:mets>
