<?xml version='1.0' encoding='UTF-8'?>
<mets:mets xmlns:mets="http://www.loc.gov/METS/" xmlns:xlink="http://www.w3.org/1999/xlink" xmlns:mods="http://www.loc.gov/mods/v3" xmlns:xsi="http://www.w3.org/2001/XMLSchema-instance" xsi:schemaLocation="http://www.loc.gov/METS/ https://www.loc.gov/standards/mets/mets.xsd http://www.loc.gov/mods/v3 http://www.loc.gov/standards/mods/v3/mods-3-8.xsd" ID="thesis-15325" OBJID="hdl:2078.1/thesis:15325" PROFILE="DSpace METS SIP Profile">
  <mets:dmdSec ID="OBJ_METADATA">
    <mets:mdWrap MDTYPE="OTHER" OTHERMDTYPE="MODS-THESIS" MIMETYPE="text/xml">
      <mets:xmlData>
        <mods:mods version="3.8">
          <mods:name type="personal">
            <mods:namePart>Peti, Jérémie</mods:namePart>
            <mods:nameIdentifier type="email">jeremie.peti@student.uclouvain.be</mods:nameIdentifier>
            <mods:nameIdentifier type="fgs">291692</mods:nameIdentifier>
            <mods:affiliation>UCLouvain</mods:affiliation>
            <mods:nameIdentifier type="degree_label">Master [120] en Ingénieur de gestion</mods:nameIdentifier>
            <mods:nameIdentifier type="degree_code">INGE2M</mods:nameIdentifier>
            <mods:role>
              <mods:roleTerm type="text">author</mods:roleTerm>
            </mods:role>
          </mods:name>
          <mods:language>
            <mods:languageTerm type="code" authority="iso639-2b">eng</mods:languageTerm>
          </mods:language>
          <mods:titleInfo>
            <mods:title>The impact of high-frequency trading on the volatility of the financial markets.</mods:title>
          </mods:titleInfo>
          <mods:originInfo>
            <mods:dateIssued>2018</mods:dateIssued>
            <mods:dateOther type="session">septembre</mods:dateOther>
          </mods:originInfo>
          <mods:recordInfo>
            <mods:recordCreationDate>2018/08/07 20:06</mods:recordCreationDate>
            <mods:recordInfoNote type="submitter_name">Jérémie Peti (UCL - 291692)</mods:recordInfoNote>
            <mods:recordInfoNote type="submitter_email">jeremie.peti@student.uclouvain.be</mods:recordInfoNote>
          </mods:recordInfo>
          <mods:abstract>A new phenomenon has appeared on the financial markets these past years: high-frequency trading. This technique, which mainly consists of selling and buying stocks at high speed, has since begun to be discussed by the financial community. Indeed, the question of the threat that high-frequency can have for the stability and more precisely the volatility of the financial markets is still discussed. On the 6th of May 2010, the largest U.S. stock markets (Nasdaq, S&amp;P 500, Dow Jones Industrial Average) suddenly lost up to 9% of their value within two minutes before rebounding. The fact that this event was caused by high-frequency trading is still discussed. This paper aims at answering this question by analyzing data from several stock markets. In order to do that, we take the price variation of the 10% most and least traded stocks on the Nasdaq, S&amp;P 500 and Dow Jones Industrial Average on the day of the Flash Crash and we look at dissimilarity between the samples. Indeed, high-frequency traders operate on liquid stocks so if there is a significant difference between the most and traded stocks, this would mean that high-frequency trading caused the sudden volatility of the most traded stocks on the 6th of May 2010. Finally, we find that high-frequency does not significantly impact the volatility of the financial markets.</mods:abstract>
          <mods:subject>
            <mods:topic>high-frequency trading</mods:topic>
          </mods:subject>
          <mods:subject>
            <mods:topic>volatility</mods:topic>
          </mods:subject>
          <mods:subject>
            <mods:topic>stock markets.</mods:topic>
          </mods:subject>
          <mods:relatedItem otherType="faculty">
            <mods:titleInfo>
              <mods:title>Louvain School of Management</mods:title>
            </mods:titleInfo>
          </mods:relatedItem>
          <mods:name type="personal">
            <mods:namePart>Iania, Leonardo</mods:namePart>
            <mods:nameIdentifier type="email">leonardo.iania@uclouvain.be</mods:nameIdentifier>
            <mods:affiliation>UCLouvain</mods:affiliation>
            <mods:role>
              <mods:roleTerm type="text">advisor</mods:roleTerm>
            </mods:role>
          </mods:name>
          <mods:relatedItem otherType="note">
            <mods:titleInfo>
              <mods:title>accepted</mods:title>
            </mods:titleInfo>
            <mods:originInfo>
              <mods:dateCreated>2018-09-11T15:59:12.000Z</mods:dateCreated>
            </mods:originInfo>
            <mods:name>
              <mods:namePart>maite.dardenne@uclouvain.be</mods:namePart>
            </mods:name>
          </mods:relatedItem>
        </mods:mods>
      </mets:xmlData>
    </mets:mdWrap>
  </mets:dmdSec>
  <mets:fileSec>
    <mets:fileGrp USE="CONTENT">
      <mets:file ID="file-1" MIMETYPE="application/pdf">
        <mets:FLocat LOCTYPE="URL" xlink:href="files/PetiJeremie_48041200_2018.pdf"/>
      </mets:file>
    </mets:fileGrp>
  </mets:fileSec>
  <mets:structMap ID="main-structure" LABEL="structure" TYPE="LOGICAL">
    <mets:div DMDID="OBJ_METADATA">
      <mets:div TYPE="File">
        <mets:fptr FILEID="file-1"/>
      </mets:div>
    </mets:div>
  </mets:structMap>
  <mets:structMap LABEL="Parent">
    <mets:div>
      <mets:mptr LOCTYPE="URN" xlink:href="123456789/2"/>
    </mets:div>
  </mets:structMap>
</mets:mets>
