<?xml version='1.0' encoding='UTF-8'?>
<mets:mets xmlns:mets="http://www.loc.gov/METS/" xmlns:xlink="http://www.w3.org/1999/xlink" xmlns:mods="http://www.loc.gov/mods/v3" xmlns:xsi="http://www.w3.org/2001/XMLSchema-instance" xsi:schemaLocation="http://www.loc.gov/METS/ https://www.loc.gov/standards/mets/mets.xsd http://www.loc.gov/mods/v3 http://www.loc.gov/standards/mods/v3/mods-3-8.xsd" ID="thesis-12003" OBJID="hdl:2078.1/thesis:12003" PROFILE="DSpace METS SIP Profile">
  <mets:metsHdr>
    <mets:agent ROLE="CUSTODIAN" TYPE="ORGANIZATION">
      <mets:name>UCLouvain</mets:name>
      <mets:note>FedoraExporter script v1.0</mets:note>
    </mets:agent>
  </mets:metsHdr>
  <mets:dmdSec ID="OBJ_METADATA">
    <mets:mdWrap MDTYPE="OTHER" OTHERMDTYPE="MODS-THESIS" MIMETYPE="text/xml">
      <mets:xmlData>
        <mods:mods version="3.8">
          <mods:name type="personal">
            <mods:namePart>Aribaud, Cyril</mods:namePart>
            <mods:nameIdentifier type="email">cyril.aribaud@student.uclouvain.be</mods:nameIdentifier>
            <mods:nameIdentifier type="fgs">239620</mods:nameIdentifier>
            <mods:affiliation>UCLouvain</mods:affiliation>
            <mods:nameIdentifier type="degree_label">Master [120] en arts du spectacle</mods:nameIdentifier>
            <mods:nameIdentifier type="degree_code">THEA2M</mods:nameIdentifier>
            <mods:role>
              <mods:roleTerm type="text">author</mods:roleTerm>
            </mods:role>
          </mods:name>
          <mods:language>
            <mods:languageTerm type="code" authority="iso639-2b">fre</mods:languageTerm>
          </mods:language>
          <mods:titleInfo>
            <mods:title>Le scénographe à l'heure du Collectif : déplacement et réinvention d'une fonction</mods:title>
          </mods:titleInfo>
          <mods:originInfo>
            <mods:dateIssued>2017</mods:dateIssued>
            <mods:dateOther type="session">septembre</mods:dateOther>
          </mods:originInfo>
          <mods:recordInfo>
            <mods:recordCreationDate>2017-08-15 20:09</mods:recordCreationDate>
            <mods:recordInfoNote type="submitter_name">Cyril Aribaud (UCL - 239620)</mods:recordInfoNote>
            <mods:recordInfoNote type="submitter_email">cyril.aribaud@student.uclouvain.be</mods:recordInfoNote>
          </mods:recordInfo>
          <mods:relatedItem otherType="note">
            <mods:titleInfo>
              <mods:title>accepted</mods:title>
            </mods:titleInfo>
            <mods:originInfo>
              <mods:dateCreated>2017-09-11T11:14:35.000Z</mods:dateCreated>
            </mods:originInfo>
            <mods:name>
              <mods:namePart>aurelie.pierard@uclouvain.be</mods:namePart>
            </mods:name>
            <mods:note>La diffusion de ce mémoire n'est pas autorisée par l'institution</mods:note>
          </mods:relatedItem>
          <mods:abstract lang="fre">Dans ce mémoire, nous avons voulu traiter de la place du scénographe, dans la création artistique, en lien avec l’émergence de nombreux collectifs ces dix dernières années. Nous nous sommes demandés, si les enjeux qui ont été moteurs dans cette apparition n’intervenaient pas au sein d’une réflexion plus générale dans une redéfinition du rôle du scénographe aujourd’hui. Pour cela, nous commençons donc par un retour historique de la place du scénographe à travers l’histoire de la scénographie, du théâtre grec à nos jours. Ensuite, par l’intermédiaire de trois collectifs qui nous ont semblé significatifs de ces enjeux et de cette émergence, nous étudions les mécanismes de création, d’organisation en tant que groupe et le rapport à la scénographie et bien entendu au scénographe, à travers leurs différentes productions. Nous terminons alors par une mise en perspective des constats et situations exposés, dans une tentative de généralisation afin de mettre en évidence cette évolution et répondre à la problématique suivante : Quelles transformations, le développement des collectifs aujourd’hui laissent-ils présager sur la figure du scénographe ?</mods:abstract>
          <mods:subject>
            <mods:topic>théâtre</mods:topic>
          </mods:subject>
          <mods:subject>
            <mods:topic>scénographie</mods:topic>
          </mods:subject>
          <mods:subject>
            <mods:topic>scénographe</mods:topic>
          </mods:subject>
          <mods:subject>
            <mods:topic>collectif</mods:topic>
          </mods:subject>
          <mods:subject>
            <mods:topic>theater</mods:topic>
          </mods:subject>
          <mods:subject>
            <mods:topic>stage design</mods:topic>
          </mods:subject>
          <mods:identifier type="hdl">2078.1/thesis:12003</mods:identifier>
          <mods:genre authority="coar" valueURI="http://purl.org/coar/resource_type/c_bdcc">master thesis</mods:genre>
          <mods:relatedItem otherType="faculty">
            <mods:titleInfo>
              <mods:title>Faculté de philosophie, arts et lettres</mods:title>
            </mods:titleInfo>
          </mods:relatedItem>
          <mods:name type="personal">
            <mods:namePart>Lemaire, Véronique</mods:namePart>
            <mods:nameIdentifier type="email">veronique.lemaire@uclouvain.be</mods:nameIdentifier>
            <mods:affiliation>UCLouvain</mods:affiliation>
            <mods:role>
              <mods:roleTerm type="text">advisor</mods:roleTerm>
            </mods:role>
          </mods:name>
          <mods:identifier type="fedora_pid">thesis:12003</mods:identifier>
        </mods:mods>
      </mets:xmlData>
    </mets:mdWrap>
  </mets:dmdSec>
  <mets:fileSec>
    <mets:fileGrp USE="CONTENT">
      <mets:file ID="file-1" MIMETYPE="application/pdf" ADMID="amd-file-1">
        <mets:FLocat LOCTYPE="URL" xlink:href="files/ARIBAUD_67000800_2017.pdf"/>
      </mets:file>
      <mets:file ID="file-2" MIMETYPE="application/pdf" ADMID="amd-file-2">
        <mets:FLocat LOCTYPE="URL" xlink:href="files/ARIBAUD_67000800_2017_Annexe1.pdf"/>
      </mets:file>
      <mets:file ID="file-3" MIMETYPE="application/pdf" ADMID="amd-file-3">
        <mets:FLocat LOCTYPE="URL" xlink:href="files/ARIBAUD_67000800_2017_Annexe2.pdf"/>
      </mets:file>
      <mets:file ID="file-4" MIMETYPE="application/pdf" ADMID="amd-file-4">
        <mets:FLocat LOCTYPE="URL" xlink:href="files/ARIBAUD_67000800_2017_Annexe3.pdf"/>
      </mets:file>
      <mets:file ID="file-5" MIMETYPE="application/pdf" ADMID="amd-file-5">
        <mets:FLocat LOCTYPE="URL" xlink:href="files/ARIBAUD_67000800_2017_Annexe4.pdf"/>
      </mets:file>
      <mets:file ID="file-6" MIMETYPE="application/pdf" ADMID="amd-file-6">
        <mets:FLocat LOCTYPE="URL" xlink:href="files/ARIBAUD_67000800_2017_Annexe5.pdf"/>
      </mets:file>
      <mets:file ID="file-7" MIMETYPE="application/pdf" ADMID="amd-file-7">
        <mets:FLocat LOCTYPE="URL" xlink:href="files/ARIBAUD_67000800_2017_Annexe6.pdf"/>
      </mets:file>
    </mets:fileGrp>
  </mets:fileSec>
  <mets:structMap ID="main-structure" LABEL="structure" TYPE="LOGICAL">
    <mets:div DMDID="OBJ_METADATA">
      <mets:div TYPE="File">
        <mets:fptr FILEID="file-1"/>
      </mets:div>
      <mets:div TYPE="File">
        <mets:fptr FILEID="file-2"/>
      </mets:div>
      <mets:div TYPE="File">
        <mets:fptr FILEID="file-3"/>
      </mets:div>
      <mets:div TYPE="File">
        <mets:fptr FILEID="file-4"/>
      </mets:div>
      <mets:div TYPE="File">
        <mets:fptr FILEID="file-5"/>
      </mets:div>
      <mets:div TYPE="File">
        <mets:fptr FILEID="file-6"/>
      </mets:div>
      <mets:div TYPE="File">
        <mets:fptr FILEID="file-7"/>
      </mets:div>
    </mets:div>
  </mets:structMap>
  <mets:amdSec ID="amd-file-1">
    <mets:rightsMD ID="rights-file-1">
      <mets:mdWrap MDTYPE="OTHER" OTHERMDTYPE="METSRIGHTS">
        <mets:xmlData>
          <rights:RightsDeclarationMD xmlns:rights="http://cosimo.stanford.edu/sdr/metsrights/">
            <rights:Context CONTEXTCLASS="REPOSITORY MGR" rpName="administrator">
              <rights:Permissions DISCOVER="true" DISPLAY="true" MODIFY="false" DELETE="false" OTHER="false"/>
            </rights:Context>
          </rights:RightsDeclarationMD>
        </mets:xmlData>
      </mets:mdWrap>
    </mets:rightsMD>
  </mets:amdSec>
  <mets:amdSec ID="amd-file-2">
    <mets:rightsMD ID="rights-file-2">
      <mets:mdWrap MDTYPE="OTHER" OTHERMDTYPE="METSRIGHTS">
        <mets:xmlData>
          <rights:RightsDeclarationMD xmlns:rights="http://cosimo.stanford.edu/sdr/metsrights/">
            <rights:Context CONTEXTCLASS="REPOSITORY MGR" rpName="administrator">
              <rights:Permissions DISCOVER="true" DISPLAY="true" MODIFY="false" DELETE="false" OTHER="false"/>
            </rights:Context>
          </rights:RightsDeclarationMD>
        </mets:xmlData>
      </mets:mdWrap>
    </mets:rightsMD>
  </mets:amdSec>
  <mets:amdSec ID="amd-file-3">
    <mets:rightsMD ID="rights-file-3">
      <mets:mdWrap MDTYPE="OTHER" OTHERMDTYPE="METSRIGHTS">
        <mets:xmlData>
          <rights:RightsDeclarationMD xmlns:rights="http://cosimo.stanford.edu/sdr/metsrights/">
            <rights:Context CONTEXTCLASS="REPOSITORY MGR" rpName="administrator">
              <rights:Permissions DISCOVER="true" DISPLAY="true" MODIFY="false" DELETE="false" OTHER="false"/>
            </rights:Context>
          </rights:RightsDeclarationMD>
        </mets:xmlData>
      </mets:mdWrap>
    </mets:rightsMD>
  </mets:amdSec>
  <mets:amdSec ID="amd-file-4">
    <mets:rightsMD ID="rights-file-4">
      <mets:mdWrap MDTYPE="OTHER" OTHERMDTYPE="METSRIGHTS">
        <mets:xmlData>
          <rights:RightsDeclarationMD xmlns:rights="http://cosimo.stanford.edu/sdr/metsrights/">
            <rights:Context CONTEXTCLASS="REPOSITORY MGR" rpName="administrator">
              <rights:Permissions DISCOVER="true" DISPLAY="true" MODIFY="false" DELETE="false" OTHER="false"/>
            </rights:Context>
          </rights:RightsDeclarationMD>
        </mets:xmlData>
      </mets:mdWrap>
    </mets:rightsMD>
  </mets:amdSec>
  <mets:amdSec ID="amd-file-5">
    <mets:rightsMD ID="rights-file-5">
      <mets:mdWrap MDTYPE="OTHER" OTHERMDTYPE="METSRIGHTS">
        <mets:xmlData>
          <rights:RightsDeclarationMD xmlns:rights="http://cosimo.stanford.edu/sdr/metsrights/">
            <rights:Context CONTEXTCLASS="REPOSITORY MGR" rpName="administrator">
              <rights:Permissions DISCOVER="true" DISPLAY="true" MODIFY="false" DELETE="false" OTHER="false"/>
            </rights:Context>
          </rights:RightsDeclarationMD>
        </mets:xmlData>
      </mets:mdWrap>
    </mets:rightsMD>
  </mets:amdSec>
  <mets:amdSec ID="amd-file-6">
    <mets:rightsMD ID="rights-file-6">
      <mets:mdWrap MDTYPE="OTHER" OTHERMDTYPE="METSRIGHTS">
        <mets:xmlData>
          <rights:RightsDeclarationMD xmlns:rights="http://cosimo.stanford.edu/sdr/metsrights/">
            <rights:Context CONTEXTCLASS="REPOSITORY MGR" rpName="administrator">
              <rights:Permissions DISCOVER="true" DISPLAY="true" MODIFY="false" DELETE="false" OTHER="false"/>
            </rights:Context>
          </rights:RightsDeclarationMD>
        </mets:xmlData>
      </mets:mdWrap>
    </mets:rightsMD>
  </mets:amdSec>
  <mets:amdSec ID="amd-file-7">
    <mets:rightsMD ID="rights-file-7">
      <mets:mdWrap MDTYPE="OTHER" OTHERMDTYPE="METSRIGHTS">
        <mets:xmlData>
          <rights:RightsDeclarationMD xmlns:rights="http://cosimo.stanford.edu/sdr/metsrights/">
            <rights:Context CONTEXTCLASS="REPOSITORY MGR" rpName="administrator">
              <rights:Permissions DISCOVER="true" DISPLAY="true" MODIFY="false" DELETE="false" OTHER="false"/>
            </rights:Context>
          </rights:RightsDeclarationMD>
        </mets:xmlData>
      </mets:mdWrap>
    </mets:rightsMD>
  </mets:amdSec>
  <mets:structMap LABEL="Parent">
    <mets:div>
      <mets:mptr LOCTYPE="URN" xlink:href="123456789/master_thesis_collection"/>
    </mets:div>
  </mets:structMap>
</mets:mets>
