<?xml version='1.0' encoding='UTF-8'?>
<mets:mets xmlns:mets="http://www.loc.gov/METS/" xmlns:xlink="http://www.w3.org/1999/xlink" xmlns:mods="http://www.loc.gov/mods/v3" xmlns:xsi="http://www.w3.org/2001/XMLSchema-instance" xsi:schemaLocation="http://www.loc.gov/METS/ https://www.loc.gov/standards/mets/mets.xsd http://www.loc.gov/mods/v3 http://www.loc.gov/standards/mods/v3/mods-3-8.xsd" ID="thesis-19601" OBJID="hdl:2078.1/thesis:19601" PROFILE="DSpace METS SIP Profile">
  <mets:metsHdr>
    <mets:agent ROLE="CUSTODIAN" TYPE="ORGANIZATION">
      <mets:name>UCLouvain</mets:name>
      <mets:note>FedoraExporter script v1.0</mets:note>
    </mets:agent>
  </mets:metsHdr>
  <mets:dmdSec ID="OBJ_METADATA">
    <mets:mdWrap MDTYPE="OTHER" OTHERMDTYPE="MODS-THESIS" MIMETYPE="text/xml">
      <mets:xmlData>
        <mods:mods version="3.8">
          <mods:name type="personal">
            <mods:namePart>Pinon, Brieuc</mods:namePart>
            <mods:nameIdentifier type="email">brieuc.pinon@student.uclouvain.be</mods:nameIdentifier>
            <mods:nameIdentifier type="fgs">319941</mods:nameIdentifier>
            <mods:affiliation>UCLouvain</mods:affiliation>
            <mods:nameIdentifier type="degree_label">Master [120] : ingénieur civil en mathématiques appliquées</mods:nameIdentifier>
            <mods:nameIdentifier type="degree_code">MAP2M</mods:nameIdentifier>
            <mods:role>
              <mods:roleTerm type="text">author</mods:roleTerm>
            </mods:role>
          </mods:name>
          <mods:language>
            <mods:languageTerm type="code" authority="iso639-2b">eng</mods:languageTerm>
          </mods:language>
          <mods:titleInfo>
            <mods:title>Learning through Optimization Programs</mods:title>
          </mods:titleInfo>
          <mods:originInfo>
            <mods:dateIssued>2019</mods:dateIssued>
            <mods:dateOther type="session">juin</mods:dateOther>
          </mods:originInfo>
          <mods:recordInfo>
            <mods:recordCreationDate>2019/06/10 23:28</mods:recordCreationDate>
            <mods:recordInfoNote type="submitter_name">Brieuc Pinon (UCL - 319941)</mods:recordInfoNote>
            <mods:recordInfoNote type="submitter_email">brieuc.pinon@student.uclouvain.be</mods:recordInfoNote>
          </mods:recordInfo>
          <mods:abstract>In this work, Machine Learning algorithms learning optimization programs are developed. These algorithms are empirically tested and theoretically studied. Potential specific applications are envisaged in Deep Learning and in the learning of Higher-Order logical theories.</mods:abstract>
          <mods:subject>
            <mods:topic>Machine Learning</mods:topic>
          </mods:subject>
          <mods:subject>
            <mods:topic>Optimization</mods:topic>
          </mods:subject>
          <mods:identifier type="hdl">2078.1/thesis:19601</mods:identifier>
          <mods:genre authority="coar" valueURI="http://purl.org/coar/resource_type/c_bdcc">master thesis</mods:genre>
          <mods:relatedItem otherType="faculty">
            <mods:titleInfo>
              <mods:title>Ecole polytechnique de Louvain</mods:title>
            </mods:titleInfo>
          </mods:relatedItem>
          <mods:name type="personal">
            <mods:namePart>Glineur, François</mods:namePart>
            <mods:nameIdentifier type="email">francois.glineur@uclouvain.be</mods:nameIdentifier>
            <mods:affiliation>UCLouvain</mods:affiliation>
            <mods:role>
              <mods:roleTerm type="text">advisor</mods:roleTerm>
            </mods:role>
          </mods:name>
          <mods:relatedItem otherType="note">
            <mods:titleInfo>
              <mods:title>accepted</mods:title>
            </mods:titleInfo>
            <mods:originInfo>
              <mods:dateCreated>2019-07-01T13:23:34.000Z</mods:dateCreated>
            </mods:originInfo>
            <mods:name>
              <mods:namePart>pascale.premereur@uclouvain.be</mods:namePart>
            </mods:name>
          </mods:relatedItem>
          <mods:identifier type="fedora_pid">thesis:19601</mods:identifier>
        </mods:mods>
      </mets:xmlData>
    </mets:mdWrap>
  </mets:dmdSec>
  <mets:fileSec>
    <mets:fileGrp USE="CONTENT">
      <mets:file ID="file-1" MIMETYPE="application/pdf">
        <mets:FLocat LOCTYPE="URL" xlink:href="files/Pinon_68411400_2019.pdf"/>
      </mets:file>
    </mets:fileGrp>
  </mets:fileSec>
  <mets:structMap ID="main-structure" LABEL="structure" TYPE="LOGICAL">
    <mets:div DMDID="OBJ_METADATA">
      <mets:div TYPE="File">
        <mets:fptr FILEID="file-1"/>
      </mets:div>
    </mets:div>
  </mets:structMap>
  <mets:structMap LABEL="Parent">
    <mets:div>
      <mets:mptr LOCTYPE="URN" xlink:href="123456789/master_thesis_collection"/>
    </mets:div>
  </mets:structMap>
</mets:mets>
