<?xml version='1.0' encoding='UTF-8'?>
<mets:mets xmlns:mets="http://www.loc.gov/METS/" xmlns:xlink="http://www.w3.org/1999/xlink" xmlns:mods="http://www.loc.gov/mods/v3" xmlns:xsi="http://www.w3.org/2001/XMLSchema-instance" xsi:schemaLocation="http://www.loc.gov/METS/ https://www.loc.gov/standards/mets/mets.xsd http://www.loc.gov/mods/v3 http://www.loc.gov/standards/mods/v3/mods-3-8.xsd" ID="thesis-19584" OBJID="hdl:2078.1/thesis:19584" PROFILE="DSpace METS SIP Profile">
  <mets:metsHdr>
    <mets:agent ROLE="CUSTODIAN" TYPE="ORGANIZATION">
      <mets:name>UCLouvain</mets:name>
      <mets:note>FedoraExporter script v1.0</mets:note>
    </mets:agent>
  </mets:metsHdr>
  <mets:dmdSec ID="OBJ_METADATA">
    <mets:mdWrap MDTYPE="OTHER" OTHERMDTYPE="MODS-THESIS" MIMETYPE="text/xml">
      <mets:xmlData>
        <mods:mods version="3.8">
          <mods:name type="personal">
            <mods:namePart>Ceysens, Pierre</mods:namePart>
            <mods:nameIdentifier type="email">pierre.ceysens@student.uclouvain.be</mods:nameIdentifier>
            <mods:nameIdentifier type="fgs">318117</mods:nameIdentifier>
            <mods:affiliation>UCLouvain</mods:affiliation>
            <mods:nameIdentifier type="degree_label">Master [120] : ingénieur civil électromécanicien</mods:nameIdentifier>
            <mods:nameIdentifier type="degree_code">ELME2M</mods:nameIdentifier>
            <mods:role>
              <mods:roleTerm type="text">author</mods:roleTerm>
            </mods:role>
          </mods:name>
          <mods:name type="personal">
            <mods:namePart>Thomas, Sébastien</mods:namePart>
            <mods:nameIdentifier type="email">sebastien.thomas@student.uclouvain.be</mods:nameIdentifier>
            <mods:nameIdentifier type="fgs">316709</mods:nameIdentifier>
            <mods:affiliation>UCLouvain</mods:affiliation>
            <mods:role>
              <mods:roleTerm type="text">author</mods:roleTerm>
            </mods:role>
          </mods:name>
          <mods:language>
            <mods:languageTerm type="code" authority="iso639-2b">eng</mods:languageTerm>
          </mods:language>
          <mods:titleInfo>
            <mods:title>Design of a robotic arm with force control for fluid mechanics experiments</mods:title>
          </mods:titleInfo>
          <mods:originInfo>
            <mods:dateIssued>2019</mods:dateIssued>
            <mods:dateOther type="session">juin</mods:dateOther>
          </mods:originInfo>
          <mods:recordInfo>
            <mods:recordCreationDate>2019/06/10 21:47</mods:recordCreationDate>
            <mods:recordInfoNote type="submitter_name">Sébastien Thomas (UCL - 316709)</mods:recordInfoNote>
            <mods:recordInfoNote type="submitter_email">sebastien.thomas@student.uclouvain.be</mods:recordInfoNote>
          </mods:recordInfo>
          <mods:relatedItem otherType="note">
            <mods:titleInfo>
              <mods:title>accepted</mods:title>
            </mods:titleInfo>
            <mods:originInfo>
              <mods:dateCreated>2019-06-24T11:16:15.000Z</mods:dateCreated>
            </mods:originInfo>
            <mods:name>
              <mods:namePart>isabelle.dargent@uclouvain.be</mods:namePart>
            </mods:name>
          </mods:relatedItem>
          <mods:abstract>In the field of fluid mechanics, experimental investigations aimed at analyzing the behaviour of bodies submitted to a flow have been performed for a long time. However, none of the existing apparatus is able to perform force control of those bodies both in the six degrees of freedom and in real-time. Indeed, Captive Trajectory Systems (CTS) are constrained by a steady-state assumption and Cyber-Physical Systems (CPS), that overcome this inconvenience, are not able to control more than three degrees of freedom. The present thesis positions itself as a first step in the development of an advanced CPS. Such a system is requested as an experimental support for ongoing numerical studies performed at the UCLouvain including bio-inspired stabilization control schemes applied to wake-impacted devices, such as aircraft and wind turbines. The designed system must be able to control the six DOF of a body either in force or in trajectory. It also has to comply to different types of facilities, ranging from towing tanks to wind tunnels. In this document, a literature review of existing CPS is first performed. The system requirements are then drawn-up based on the applications investigated at the UCLouvain. A conceptual design stage is performed, leading to a complete conceptual solution for building an advanced CPS.</mods:abstract>
          <mods:subject>
            <mods:topic>CPFD</mods:topic>
          </mods:subject>
          <mods:subject>
            <mods:topic>SCARA</mods:topic>
          </mods:subject>
          <mods:subject>
            <mods:topic>Cyber-physical system</mods:topic>
          </mods:subject>
          <mods:subject>
            <mods:topic>Captive trajectory system</mods:topic>
          </mods:subject>
          <mods:subject>
            <mods:topic>Towing tank</mods:topic>
          </mods:subject>
          <mods:subject>
            <mods:topic>Impedance control</mods:topic>
          </mods:subject>
          <mods:subject>
            <mods:topic>Zero-force control</mods:topic>
          </mods:subject>
          <mods:subject>
            <mods:topic>Free-flight</mods:topic>
          </mods:subject>
          <mods:identifier type="hdl">2078.1/thesis:19584</mods:identifier>
          <mods:genre authority="coar" valueURI="http://purl.org/coar/resource_type/c_bdcc">master thesis</mods:genre>
          <mods:relatedItem otherType="faculty">
            <mods:titleInfo>
              <mods:title>Ecole polytechnique de Louvain</mods:title>
            </mods:titleInfo>
          </mods:relatedItem>
          <mods:name type="personal">
            <mods:namePart>Chatelain, Philippe</mods:namePart>
            <mods:nameIdentifier type="email">philippe.chatelain@uclouvain.be</mods:nameIdentifier>
            <mods:affiliation>UCLouvain</mods:affiliation>
            <mods:role>
              <mods:roleTerm type="text">advisor</mods:roleTerm>
            </mods:role>
          </mods:name>
          <mods:name type="personal">
            <mods:namePart>Herman, Benoît</mods:namePart>
            <mods:nameIdentifier type="email">benoit.herman@uclouvain.be</mods:nameIdentifier>
            <mods:affiliation>UCLouvain</mods:affiliation>
            <mods:role>
              <mods:roleTerm type="text">advisor</mods:roleTerm>
            </mods:role>
          </mods:name>
          <mods:identifier type="fedora_pid">thesis:19584</mods:identifier>
        </mods:mods>
      </mets:xmlData>
    </mets:mdWrap>
  </mets:dmdSec>
  <mets:fileSec>
    <mets:fileGrp USE="CONTENT">
      <mets:file ID="file-1" MIMETYPE="application/pdf" ADMID="amd-file-1">
        <mets:FLocat LOCTYPE="URL" xlink:href="files/Ceysens_49021400_Thomas_24471400_2019.pdf"/>
      </mets:file>
    </mets:fileGrp>
  </mets:fileSec>
  <mets:structMap ID="main-structure" LABEL="structure" TYPE="LOGICAL">
    <mets:div DMDID="OBJ_METADATA">
      <mets:div TYPE="File">
        <mets:fptr FILEID="file-1"/>
      </mets:div>
    </mets:div>
  </mets:structMap>
  <mets:amdSec ID="amd-file-1">
    <mets:rightsMD ID="rights-file-1">
      <mets:mdWrap MDTYPE="OTHER" OTHERMDTYPE="METSRIGHTS">
        <mets:xmlData>
          <rights:RightsDeclarationMD xmlns:rights="http://cosimo.stanford.edu/sdr/metsrights/">
            <rights:Context CONTEXTCLASS="MANAGED GRP" rpName="UCLouvain networks restriction">
              <rights:Permissions DISCOVER="true" DISPLAY="true" MODIFY="false" DELETE="false" OTHER="false"/>
              <rights:UserName>UCLouvain network</rights:UserName>
            </rights:Context>
          </rights:RightsDeclarationMD>
        </mets:xmlData>
      </mets:mdWrap>
    </mets:rightsMD>
  </mets:amdSec>
  <mets:structMap LABEL="Parent">
    <mets:div>
      <mets:mptr LOCTYPE="URN" xlink:href="123456789/master_thesis_collection"/>
    </mets:div>
  </mets:structMap>
</mets:mets>
