<?xml version='1.0' encoding='UTF-8'?>
<mets:mets xmlns:mets="http://www.loc.gov/METS/" xmlns:xlink="http://www.w3.org/1999/xlink" xmlns:mods="http://www.loc.gov/mods/v3" xmlns:xsi="http://www.w3.org/2001/XMLSchema-instance" xsi:schemaLocation="http://www.loc.gov/METS/ https://www.loc.gov/standards/mets/mets.xsd http://www.loc.gov/mods/v3 http://www.loc.gov/standards/mods/v3/mods-3-8.xsd" ID="thesis-16987" OBJID="hdl:2078.1/thesis:16987" PROFILE="DSpace METS SIP Profile">
  <mets:dmdSec ID="OBJ_METADATA">
    <mets:mdWrap MDTYPE="OTHER" OTHERMDTYPE="MODS-THESIS" MIMETYPE="text/xml">
      <mets:xmlData>
        <mods:mods version="3.8">
          <mods:name type="personal">
            <mods:namePart>Fettweis, Maxime</mods:namePart>
            <mods:nameIdentifier type="email">maxime.fettweis@student.uclouvain.be</mods:nameIdentifier>
            <mods:nameIdentifier type="fgs">300360</mods:nameIdentifier>
            <mods:affiliation>UCLouvain</mods:affiliation>
            <mods:nameIdentifier type="degree_label">Master [120] en journalisme</mods:nameIdentifier>
            <mods:nameIdentifier type="degree_code">EJL2M</mods:nameIdentifier>
            <mods:role>
              <mods:roleTerm type="text">author</mods:roleTerm>
            </mods:role>
          </mods:name>
          <mods:language>
            <mods:languageTerm type="code" authority="iso639-2b">fre</mods:languageTerm>
          </mods:language>
          <mods:titleInfo>
            <mods:title>Vues sur Parc</mods:title>
          </mods:titleInfo>
          <mods:originInfo>
            <mods:dateIssued>2018</mods:dateIssued>
            <mods:dateOther type="session">septembre</mods:dateOther>
          </mods:originInfo>
          <mods:recordInfo>
            <mods:recordCreationDate>2018/08/16 13:21</mods:recordCreationDate>
            <mods:recordInfoNote type="submitter_name">Maxime Fettweis (UCL - 300360)</mods:recordInfoNote>
            <mods:recordInfoNote type="submitter_email">maxime.fettweis@student.uclouvain.be</mods:recordInfoNote>
          </mods:recordInfo>
          <mods:abstract>Cette apostille est liée au projet « Vues sur Parc ». Il s’agit d’une immersion de quatorze jours au Parc Maximilien. Grâce à un travail précis et documenté, nous avons tenté d’analyser ce terme en partant de son origine dans les sciences sociales jusqu’à son utilisation devenue courante dans le monde du journalisme. Ce travail prend la forme d’une vaste production transmédia composée d’une série de six articles print, six portraits web et autant de déclinaisons destinées à être publiées sur Instagram et Facebook. Au fil de cette apostille, nous mettons en avant l’intérêt d’une démarche de terrain basée sur le temps long et la nécessité d’une approche qui jongle avec les médias de manière complémentaire. Ce travail se divise en trois partie, la première traite de théories de l’immersion et de l’historique du parc Maximilien et du quartier Nord de 1935 à nos jours, la deuxième explique les réflexions et les choix que nous avons effectués lors de la mise en pratique et la troisième est un retour réflexif sur le travail et les apprentissages sur lesquels il a débouché.</mods:abstract>
          <mods:subject>
            <mods:topic>immersion-parc Maximilien-Bruxelles-transmédia-portrait</mods:topic>
          </mods:subject>
          <mods:relatedItem otherType="faculty">
            <mods:titleInfo>
              <mods:title>Faculté des sciences économiques, sociales, politiques et de communication</mods:title>
            </mods:titleInfo>
          </mods:relatedItem>
          <mods:name type="personal">
            <mods:namePart>Derèze, Gérard</mods:namePart>
            <mods:nameIdentifier type="email">gerard.dereze@uclouvain.be</mods:nameIdentifier>
            <mods:affiliation>UCLouvain</mods:affiliation>
            <mods:role>
              <mods:roleTerm type="text">advisor</mods:roleTerm>
            </mods:role>
          </mods:name>
          <mods:relatedItem otherType="note">
            <mods:titleInfo>
              <mods:title>accepted</mods:title>
            </mods:titleInfo>
            <mods:originInfo>
              <mods:dateCreated>2018-09-26T12:00:13.000Z</mods:dateCreated>
            </mods:originInfo>
            <mods:name>
              <mods:namePart>genevieve.parent@uclouvain.be</mods:namePart>
            </mods:name>
            <mods:note>La diffusion de ce mémoire n'est pas autorisée par l'institution</mods:note>
          </mods:relatedItem>
        </mods:mods>
      </mets:xmlData>
    </mets:mdWrap>
  </mets:dmdSec>
  <mets:fileSec>
    <mets:fileGrp USE="CONTENT">
      <mets:file ID="file-1" MIMETYPE="application/pdf">
        <mets:FLocat LOCTYPE="URL" xlink:href="files/Fettweis_66051300_2018.pdf"/>
      </mets:file>
      <mets:file ID="file-2" MIMETYPE="application/pdf">
        <mets:FLocat LOCTYPE="URL" xlink:href="files/Fettweis_66051300_2018_Annexe1.pdf"/>
      </mets:file>
    </mets:fileGrp>
  </mets:fileSec>
  <mets:structMap ID="main-structure" LABEL="structure" TYPE="LOGICAL">
    <mets:div DMDID="OBJ_METADATA">
      <mets:div TYPE="File">
        <mets:fptr FILEID="file-1"/>
      </mets:div>
      <mets:div TYPE="File">
        <mets:fptr FILEID="file-2"/>
      </mets:div>
    </mets:div>
  </mets:structMap>
  <mets:structMap LABEL="Parent">
    <mets:div>
      <mets:mptr LOCTYPE="URN" xlink:href="123456789/2"/>
    </mets:div>
  </mets:structMap>
</mets:mets>
