<?xml version='1.0' encoding='UTF-8'?>
<mets:mets xmlns:mets="http://www.loc.gov/METS/" xmlns:xlink="http://www.w3.org/1999/xlink" xmlns:mods="http://www.loc.gov/mods/v3" xmlns:xsi="http://www.w3.org/2001/XMLSchema-instance" xsi:schemaLocation="http://www.loc.gov/METS/ https://www.loc.gov/standards/mets/mets.xsd http://www.loc.gov/mods/v3 http://www.loc.gov/standards/mods/v3/mods-3-8.xsd" ID="thesis-16551" OBJID="hdl:2078.1/thesis:16551" PROFILE="DSpace METS SIP Profile">
  <mets:metsHdr>
    <mets:agent ROLE="CUSTODIAN" TYPE="ORGANIZATION">
      <mets:name>UCLouvain</mets:name>
      <mets:note>FedoraExporter script v1.0</mets:note>
    </mets:agent>
  </mets:metsHdr>
  <mets:dmdSec ID="OBJ_METADATA">
    <mets:mdWrap MDTYPE="OTHER" OTHERMDTYPE="MODS-THESIS" MIMETYPE="text/xml">
      <mets:xmlData>
        <mods:mods version="3.8">
          <mods:name type="personal">
            <mods:namePart>Evrard, Alice</mods:namePart>
            <mods:nameIdentifier type="email">alice.evrard@student.uclouvain.be</mods:nameIdentifier>
            <mods:nameIdentifier type="fgs">300737</mods:nameIdentifier>
            <mods:affiliation>UCLouvain</mods:affiliation>
            <mods:nameIdentifier type="degree_label">Master [120] en langues et lettres modernes, orientation germaniques</mods:nameIdentifier>
            <mods:nameIdentifier type="degree_code">GERM2M</mods:nameIdentifier>
            <mods:role>
              <mods:roleTerm type="text">author</mods:roleTerm>
            </mods:role>
          </mods:name>
          <mods:language>
            <mods:languageTerm type="code" authority="iso639-2b">ger</mods:languageTerm>
          </mods:language>
          <mods:titleInfo>
            <mods:title>Identitätssuche durch eine interkulturelle Welt im Werk "Sonne auf halbem Weg : Die Istanbul-Berlin Trilogie" (1992-2003) von Emine Sevgi Özdamar</mods:title>
          </mods:titleInfo>
          <mods:originInfo>
            <mods:dateIssued>2018</mods:dateIssued>
            <mods:dateOther type="session">septembre</mods:dateOther>
          </mods:originInfo>
          <mods:recordInfo>
            <mods:recordCreationDate>2018/08/15 19:23</mods:recordCreationDate>
            <mods:recordInfoNote type="submitter_name">Alice Evrard (UCL - 300737)</mods:recordInfoNote>
            <mods:recordInfoNote type="submitter_email">alice.evrard@student.uclouvain.be</mods:recordInfoNote>
          </mods:recordInfo>
          <mods:abstract lang="ger">In unserer globalisierten und interkulturellen Gesellschaft wird die Identität eines Menschen schwierig zu bestimmen. Gegenstand dieser Arbeit ist die Analyse von Emine Sevgi Özdamars Istanbul-Berlin-Trilogie unter einem interkulturellen Blick. Im Laufe dieser Analyse wird die Entwicklung der unterschiedlichen fiktionalen Ich-Erzählerinnen dieser Werke ausführlich skizziert, um am Ende ihre gemeinsamen Eigenschaften zu bestimmen. Auch werden diese Fragen mit Hilfe von wissenschaftlichen Artikeln und Büchern beantwortet, insbesondere zu den Themen: „Was beeinflusst eine Identität?“, und „Wie bilden wir unsere Identität als Mensch und, insbesondere als Migrant?“. Diese Magisterarbeit wird in mehreren Kapiteln strukturiert. Zunächst wird die interkulturelle Literatur definiert. Danach wird Özdamars Erzählband Mutterzunge unter einem interkulturellen Aspekt skizziert. Dieser ist früher als die Trilogie erschienen. Hiermit gewinnt der Leser eine Einführung in die Welt der Schriftstellerin Özdamar. Im Anschluss daran wird die Biographie der Autorin vorgestellt und die drei Bücher der Trilogie dargestellt, nämlich, Das Leben ist eine Karawanserei/hat zwei Türen/aus einer kam ich rein/aus der anderen ging ich raus (1992), Die Brücke vom Goldenen Horn (1998) und Seltsame Sterne starren zur Erde (2003). Anschließend wird dieses Werk als Ergebnis mehrerer interkultureller Eigenschaften analysiert. Erstens werden diese gemeinsamen Themen erläutert, um den roten Faden zu definieren. Zweitens werden die unterschiedlichen Themen der Trilogie untersucht. Die Unterschiede der Erzählperspektiven werden entgegengestellt und verglichen. Endlich wird das letzte Buch Seltsame Sterne starren zur Erde unabhängig von den anderen untersucht, weil dieses Buch manche Besonderheiten enthält. Die allgemeine Analyse der drei Bücher entlarvt einen interkulturellen Zugang aber der Leser wird auch allmählich die Entwicklung der Protagonistinnen im Laufe des Werkes entdecken. Das Thema der Identitätssuche in der Trilogie wird zum Schluss mit Hilfe des Essays Les identités meurtières von Amin Maalouf in interkultureller Hinsicht umrissen und vertieft. Das Thema der Identitätssuche und -konstruktion ist sehr aktuell und gleichzeitig umstritten. Diese Arbeit hat zum Ziel, einen neuen Einblick in diese Thematik zu bieten. Außerdem beabsichtige ich den Stereotypen und Klischees, die heutzutage in der Mitte der Flüchtlingskrise zu spüren sind, entgegenzuwirken, und einen positiven und optimistischen Blick in unsere aktuelle inter- und multikulturelle Gesellschaft zu geben.</mods:abstract>
          <mods:subject>
            <mods:topic>Identitätssuche</mods:topic>
          </mods:subject>
          <mods:subject>
            <mods:topic>Interkulturelle Literatur</mods:topic>
          </mods:subject>
          <mods:subject>
            <mods:topic>Emine Sevgi Özdamar</mods:topic>
          </mods:subject>
          <mods:subject>
            <mods:topic>Deutsch-türkische Literatur</mods:topic>
          </mods:subject>
          <mods:identifier type="hdl">2078.1/thesis:16551</mods:identifier>
          <mods:genre authority="coar" valueURI="http://purl.org/coar/resource_type/c_bdcc">master thesis</mods:genre>
          <mods:relatedItem otherType="faculty">
            <mods:titleInfo>
              <mods:title>Faculté de philosophie, arts et lettres</mods:title>
            </mods:titleInfo>
          </mods:relatedItem>
          <mods:name type="personal">
            <mods:namePart>Roland, Hubert</mods:namePart>
            <mods:nameIdentifier type="email">hubert.roland@uclouvain.be</mods:nameIdentifier>
            <mods:affiliation>UCLouvain</mods:affiliation>
            <mods:role>
              <mods:roleTerm type="text">advisor</mods:roleTerm>
            </mods:role>
          </mods:name>
          <mods:relatedItem otherType="note">
            <mods:titleInfo>
              <mods:title>accepted</mods:title>
            </mods:titleInfo>
            <mods:originInfo>
              <mods:dateCreated>2018-11-08T15:36:06.000Z</mods:dateCreated>
            </mods:originInfo>
            <mods:name>
              <mods:namePart>marina.kyndt@uclouvain.be</mods:namePart>
            </mods:name>
          </mods:relatedItem>
          <mods:identifier type="fedora_pid">thesis:16551</mods:identifier>
        </mods:mods>
      </mets:xmlData>
    </mets:mdWrap>
  </mets:dmdSec>
  <mets:fileSec>
    <mets:fileGrp USE="CONTENT">
      <mets:file ID="file-1" MIMETYPE="application/pdf" ADMID="amd-file-1">
        <mets:FLocat LOCTYPE="URL" xlink:href="files/EVRARD_3614-13-00_2018.pdf"/>
      </mets:file>
    </mets:fileGrp>
  </mets:fileSec>
  <mets:structMap ID="main-structure" LABEL="structure" TYPE="LOGICAL">
    <mets:div DMDID="OBJ_METADATA">
      <mets:div TYPE="File">
        <mets:fptr FILEID="file-1"/>
      </mets:div>
    </mets:div>
  </mets:structMap>
  <mets:amdSec ID="amd-file-1">
    <mets:rightsMD ID="rights-file-1">
      <mets:mdWrap MDTYPE="OTHER" OTHERMDTYPE="METSRIGHTS">
        <mets:xmlData>
          <rights:RightsDeclarationMD xmlns:rights="http://cosimo.stanford.edu/sdr/metsrights/">
            <rights:Context CONTEXTCLASS="MANAGED GRP" rpName="UCLouvain networks restriction">
              <rights:Permissions DISCOVER="true" DISPLAY="true" MODIFY="false" DELETE="false" OTHER="false"/>
              <rights:UserName>UCLouvain network</rights:UserName>
            </rights:Context>
          </rights:RightsDeclarationMD>
        </mets:xmlData>
      </mets:mdWrap>
    </mets:rightsMD>
  </mets:amdSec>
  <mets:structMap LABEL="Parent">
    <mets:div>
      <mets:mptr LOCTYPE="URN" xlink:href="123456789/master_thesis_collection"/>
    </mets:div>
  </mets:structMap>
</mets:mets>
