<?xml version='1.0' encoding='UTF-8'?>
<mets:mets xmlns:mets="http://www.loc.gov/METS/" xmlns:xlink="http://www.w3.org/1999/xlink" xmlns:mods="http://www.loc.gov/mods/v3" xmlns:xsi="http://www.w3.org/2001/XMLSchema-instance" xsi:schemaLocation="http://www.loc.gov/METS/ https://www.loc.gov/standards/mets/mets.xsd http://www.loc.gov/mods/v3 http://www.loc.gov/standards/mods/v3/mods-3-8.xsd" ID="thesis-12141" OBJID="hdl:2078.1/thesis:12141" PROFILE="DSpace METS SIP Profile">
  <mets:dmdSec ID="OBJ_METADATA">
    <mets:mdWrap MDTYPE="OTHER" OTHERMDTYPE="MODS-THESIS" MIMETYPE="text/xml">
      <mets:xmlData>
        <mods:mods version="3.8">
          <mods:name type="personal">
            <mods:namePart>Hardy, Emilie</mods:namePart>
            <mods:nameIdentifier type="email">e.hardy@student.uclouvain.be</mods:nameIdentifier>
            <mods:nameIdentifier type="fgs">347099</mods:nameIdentifier>
            <mods:affiliation>UCLouvain</mods:affiliation>
            <mods:nameIdentifier type="degree_label">Master [60] en sciences du travail (horaire décalé)</mods:nameIdentifier>
            <mods:nameIdentifier type="degree_code">TRAV2M1</mods:nameIdentifier>
            <mods:role>
              <mods:roleTerm type="text">author</mods:roleTerm>
            </mods:role>
          </mods:name>
          <mods:language>
            <mods:languageTerm type="code" authority="iso639-2b">fre</mods:languageTerm>
          </mods:language>
          <mods:titleInfo>
            <mods:title>L'influence du contexte dans la mise en place des pratiques d'évaluation des travailleurs au sein des entreprises</mods:title>
          </mods:titleInfo>
          <mods:originInfo>
            <mods:dateIssued>2017</mods:dateIssued>
            <mods:dateOther type="session">septembre</mods:dateOther>
          </mods:originInfo>
          <mods:recordInfo>
            <mods:recordCreationDate>2017-08-16 00:47</mods:recordCreationDate>
            <mods:recordInfoNote type="submitter_name">Emilie Hardy (UCL - 347099)</mods:recordInfoNote>
            <mods:recordInfoNote type="submitter_email">e.hardy@student.uclouvain.be</mods:recordInfoNote>
          </mods:recordInfo>
          <mods:abstract>Dans une première partie, se pose la question du rôle joué par les pratiques d'évaluation des travailleurs en tant que vecteurs de la culture du chiffre dans les entreprises. Dans une seconde partie, se pose la question de l'influence du contexte dans la mise en place de certaines pratiques, telle que l'évaluation, au sein des entreprises. Une note d'articulation reprenant les éléments des deux parties amène à la conclusion que l'évaluation est une pratique à disposition du capitalisme pour permettre aux entreprises d'augmenter leurs profits.</mods:abstract>
          <mods:subject>
            <mods:topic>Evaluation - Capitalisme - Quantification - Globalisation</mods:topic>
          </mods:subject>
          <mods:relatedItem otherType="faculty">
            <mods:titleInfo>
              <mods:title>Faculté des sciences économiques, sociales, politiques et de communication</mods:title>
            </mods:titleInfo>
          </mods:relatedItem>
          <mods:name type="personal">
            <mods:namePart>Hunyadi, Mark</mods:namePart>
            <mods:nameIdentifier type="email">mark.hunyadi@uclouvain.be</mods:nameIdentifier>
            <mods:affiliation>UCLouvain</mods:affiliation>
            <mods:role>
              <mods:roleTerm type="text">advisor</mods:roleTerm>
            </mods:role>
          </mods:name>
          <mods:name type="personal">
            <mods:namePart>Raone, Julien</mods:namePart>
            <mods:nameIdentifier type="email">julien.raone@uclouvain.be</mods:nameIdentifier>
            <mods:affiliation>UCLouvain</mods:affiliation>
            <mods:role>
              <mods:roleTerm type="text">advisor</mods:roleTerm>
            </mods:role>
          </mods:name>
          <mods:relatedItem otherType="note">
            <mods:titleInfo>
              <mods:title>accepted</mods:title>
            </mods:titleInfo>
            <mods:originInfo>
              <mods:dateCreated>2017-12-15T14:49:23.000Z</mods:dateCreated>
            </mods:originInfo>
            <mods:name>
              <mods:namePart>anne-francoise.bray@uclouvain.be</mods:namePart>
            </mods:name>
          </mods:relatedItem>
        </mods:mods>
      </mets:xmlData>
    </mets:mdWrap>
  </mets:dmdSec>
  <mets:fileSec>
    <mets:fileGrp USE="CONTENT">
      <mets:file ID="file-1" MIMETYPE="application/pdf">
        <mets:FLocat LOCTYPE="URL" xlink:href="files/HARDY_78111600_2017pdf.pdf"/>
      </mets:file>
    </mets:fileGrp>
  </mets:fileSec>
  <mets:structMap ID="main-structure" LABEL="structure" TYPE="LOGICAL">
    <mets:div DMDID="OBJ_METADATA">
      <mets:div TYPE="File">
        <mets:fptr FILEID="file-1"/>
      </mets:div>
    </mets:div>
  </mets:structMap>
  <mets:structMap LABEL="Parent">
    <mets:div>
      <mets:mptr LOCTYPE="URN" xlink:href="123456789/2"/>
    </mets:div>
  </mets:structMap>
</mets:mets>
