<?xml version='1.0' encoding='UTF-8'?>
<mets:mets xmlns:mets="http://www.loc.gov/METS/" xmlns:xlink="http://www.w3.org/1999/xlink" xmlns:mods="http://www.loc.gov/mods/v3" xmlns:xsi="http://www.w3.org/2001/XMLSchema-instance" xsi:schemaLocation="http://www.loc.gov/METS/ https://www.loc.gov/standards/mets/mets.xsd http://www.loc.gov/mods/v3 http://www.loc.gov/standards/mods/v3/mods-3-8.xsd" ID="thesis-11010" OBJID="hdl:2078.1/thesis:11010" PROFILE="DSpace METS SIP Profile">
  <mets:dmdSec ID="OBJ_METADATA">
    <mets:mdWrap MDTYPE="OTHER" OTHERMDTYPE="MODS-THESIS" MIMETYPE="text/xml">
      <mets:xmlData>
        <mods:mods version="3.8">
          <mods:name type="personal">
            <mods:namePart>Van der Smissen, David</mods:namePart>
            <mods:nameIdentifier type="email">david.vandersmissen@student.uclouvain.be</mods:nameIdentifier>
            <mods:nameIdentifier type="fgs">294406</mods:nameIdentifier>
            <mods:affiliation>UCLouvain</mods:affiliation>
            <mods:nameIdentifier type="degree_label">Master [120] en sciences de gestion</mods:nameIdentifier>
            <mods:nameIdentifier type="degree_code">GEST2M</mods:nameIdentifier>
            <mods:role>
              <mods:roleTerm type="text">author</mods:roleTerm>
            </mods:role>
          </mods:name>
          <mods:name type="personal">
            <mods:namePart>Litwak, Thomas</mods:namePart>
            <mods:nameIdentifier type="email">thomas.litwak@student.uclouvain.be</mods:nameIdentifier>
            <mods:nameIdentifier type="fgs">249089</mods:nameIdentifier>
            <mods:affiliation>UCLouvain</mods:affiliation>
            <mods:role>
              <mods:roleTerm type="text">author</mods:roleTerm>
            </mods:role>
          </mods:name>
          <mods:language>
            <mods:languageTerm type="code" authority="iso639-2b">fre</mods:languageTerm>
          </mods:language>
          <mods:titleInfo>
            <mods:title>Loterie en Belgique : profil des joueurs et analyse de la distribution des gains des jeux de grattage</mods:title>
          </mods:titleInfo>
          <mods:originInfo>
            <mods:dateIssued>2017</mods:dateIssued>
            <mods:dateOther type="session">septembre</mods:dateOther>
          </mods:originInfo>
          <mods:recordInfo>
            <mods:recordCreationDate>2017-08-08 23:39</mods:recordCreationDate>
            <mods:recordInfoNote type="submitter_name">David Van der Smissen (UCL - 294406)</mods:recordInfoNote>
            <mods:recordInfoNote type="submitter_email">david.vandersmissen@student.uclouvain.be</mods:recordInfoNote>
          </mods:recordInfo>
          <mods:abstract>« Devenez scandaleusement riche ». C’est un rêve que de nombreux joueurs aimeraient voir se réaliser. Mais à quel prix ? Les joueurs sont-ils conscients des règles du jeu imposées par la Loterie Nationale ? C’est à cette question que nous allons tenter d’apporter une réponse. En effet, le présent mémoire a pour objet l’étude des jeux de grattage mis actuellement en vente par la Loterie Nationale en Belgique. Notre intention est d’éclairer le lecteur sur les mécanismes de distribution des gains se cachant derrière chaque ticket à gratter. Notre second objectif est de mieux cerner les différents profils de joueurs. Pour ce faire, nous allons tout d’abord présenter une revue de littérature scientifique. Celle-ci a pour but de résumer les différentes études réalisées, de par le monde, au sujet des jeux de loterie et plus précisément des différents profils de joueurs. Ensuite, nous présenterons brièvement la Loterie Nationale au travers de son historique, sa mission/vision ainsi que le cadre légal dans lequel elle opère. Une fois ces bases posées, nous entrerons dans le vif du sujet, l’analyse du profil sociodémographique des joueurs dans le Brabant wallon. A cette fin, nous avons réalisé un sondage. Nous présenterons les résultats de ce dernier au travers d’une analyse descriptive et d’une analyse statistique. Le dernier chapitre portera sur l’analyse approfondie de la distribution des gains des jeux de grattage. Cette section sera scindée en deux parties. Premièrement, une analyse de la distribution des gains des jeux de grattage pour une participation. Deuxièmement, nous étendrons cette analyse à une simulation de la distribution des gains pour plusieurs participations. Pour terminer, nous présenterons une conclusion reprenant les principaux apports issus de notre travail de fin d’études.</mods:abstract>
          <mods:subject>
            <mods:topic>Loterie ; jeu de grattage ; profil des joueurs</mods:topic>
          </mods:subject>
          <mods:subject>
            <mods:topic>distribution des gains</mods:topic>
          </mods:subject>
          <mods:relatedItem otherType="faculty">
            <mods:titleInfo>
              <mods:title>Louvain School of Management</mods:title>
            </mods:titleInfo>
          </mods:relatedItem>
          <mods:name type="personal">
            <mods:namePart>Vrins, Frédéric</mods:namePart>
            <mods:nameIdentifier type="email">frederic.vrins@uclouvain.be</mods:nameIdentifier>
            <mods:affiliation>UCLouvain</mods:affiliation>
            <mods:role>
              <mods:roleTerm type="text">advisor</mods:roleTerm>
            </mods:role>
          </mods:name>
          <mods:relatedItem otherType="note">
            <mods:titleInfo>
              <mods:title>accepted</mods:title>
            </mods:titleInfo>
            <mods:originInfo>
              <mods:dateCreated>2017-12-11T14:54:28.000Z</mods:dateCreated>
            </mods:originInfo>
            <mods:name>
              <mods:namePart>alice.baugniet@uclouvain.be</mods:namePart>
            </mods:name>
          </mods:relatedItem>
        </mods:mods>
      </mets:xmlData>
    </mets:mdWrap>
  </mets:dmdSec>
  <mets:fileSec>
    <mets:fileGrp USE="CONTENT">
      <mets:file ID="file-1" MIMETYPE="application/pdf">
        <mets:FLocat LOCTYPE="URL" xlink:href="files/VanderSmissen_75241200_2017pdf.pdf"/>
      </mets:file>
      <mets:file ID="file-2" MIMETYPE="application/pdf">
        <mets:FLocat LOCTYPE="URL" xlink:href="files/VanderSmissen_75241200_2017_Annexe1pdf.pdf"/>
      </mets:file>
    </mets:fileGrp>
  </mets:fileSec>
  <mets:structMap ID="main-structure" LABEL="structure" TYPE="LOGICAL">
    <mets:div DMDID="OBJ_METADATA">
      <mets:div TYPE="File">
        <mets:fptr FILEID="file-1"/>
      </mets:div>
      <mets:div TYPE="File">
        <mets:fptr FILEID="file-2"/>
      </mets:div>
    </mets:div>
  </mets:structMap>
  <mets:structMap LABEL="Parent">
    <mets:div>
      <mets:mptr LOCTYPE="URN" xlink:href="123456789/2"/>
    </mets:div>
  </mets:structMap>
</mets:mets>
