<?xml version='1.0' encoding='UTF-8'?>
<mets:mets xmlns:mets="http://www.loc.gov/METS/" xmlns:xlink="http://www.w3.org/1999/xlink" xmlns:mods="http://www.loc.gov/mods/v3" xmlns:xsi="http://www.w3.org/2001/XMLSchema-instance" xsi:schemaLocation="http://www.loc.gov/METS/ https://www.loc.gov/standards/mets/mets.xsd http://www.loc.gov/mods/v3 http://www.loc.gov/standards/mods/v3/mods-3-8.xsd" ID="thesis-16411" OBJID="hdl:2078.1/thesis:16411" PROFILE="DSpace METS SIP Profile">
  <mets:dmdSec ID="OBJ_METADATA">
    <mets:mdWrap MDTYPE="OTHER" OTHERMDTYPE="MODS-THESIS" MIMETYPE="text/xml">
      <mets:xmlData>
        <mods:mods version="3.8">
          <mods:name type="personal">
            <mods:namePart>Coenen, Axel</mods:namePart>
            <mods:nameIdentifier type="email">axel.coenen@student.uclouvain.be</mods:nameIdentifier>
            <mods:nameIdentifier type="fgs">294031</mods:nameIdentifier>
            <mods:affiliation>UCLouvain</mods:affiliation>
            <mods:nameIdentifier type="degree_label">Master [120] en communication</mods:nameIdentifier>
            <mods:nameIdentifier type="degree_code">CORP2M</mods:nameIdentifier>
            <mods:role>
              <mods:roleTerm type="text">author</mods:roleTerm>
            </mods:role>
          </mods:name>
          <mods:language>
            <mods:languageTerm type="code" authority="iso639-2b">fre</mods:languageTerm>
          </mods:language>
          <mods:titleInfo>
            <mods:title>Systématisation de la communication interne des multinationales du textile en Belgique.</mods:title>
          </mods:titleInfo>
          <mods:originInfo>
            <mods:dateIssued>2018</mods:dateIssued>
            <mods:dateOther type="session">septembre</mods:dateOther>
          </mods:originInfo>
          <mods:recordInfo>
            <mods:recordCreationDate>2018/08/15 14:56</mods:recordCreationDate>
            <mods:recordInfoNote type="submitter_name">Axel Coenen (UCL - 294031)</mods:recordInfoNote>
            <mods:recordInfoNote type="submitter_email">axel.coenen@student.uclouvain.be</mods:recordInfoNote>
          </mods:recordInfo>
          <mods:abstract>Ce mémoire se concentre sur l’organisation des structures de communication interne des multinationales du textile en Belgique. Des structures globales aux réseaux liant le personnel, en passant par l’analyse du rôle et de l’importance du manager, notre objectif est d’établir un schéma de la communication interne appliquée par ces entreprises. A la suite des résultats tirés d’un sondage adressé aux employés et représentants de la direction (dont le manager), certaines lacunes organisationnelles sont apparues. Ces faiblesses remettent en cause le degré d’importance et d’efforts dévoués à la communication interne par les organisations comme Esprit ou Zara. Les enjeux économiques autour de ces entreprises sont importants et peuvent engendrer de fortes pressions pour le personnel. La prise en compte du contexte et des relations interpersonnelles font donc partie intégrante du travail d’analyse. Ce mémoire propose une vision structurelle des enseignes du retail et de leur schéma communicationnel.</mods:abstract>
          <mods:subject>
            <mods:topic>Communication interne</mods:topic>
          </mods:subject>
          <mods:subject>
            <mods:topic>structures des organisations</mods:topic>
          </mods:subject>
          <mods:subject>
            <mods:topic>réseaux</mods:topic>
          </mods:subject>
          <mods:subject>
            <mods:topic>management</mods:topic>
          </mods:subject>
          <mods:subject>
            <mods:topic>outils</mods:topic>
          </mods:subject>
          <mods:subject>
            <mods:topic>relations interpersonnelles</mods:topic>
          </mods:subject>
          <mods:relatedItem otherType="faculty">
            <mods:titleInfo>
              <mods:title>Faculté des sciences économiques, sociales, politiques et de communication</mods:title>
            </mods:titleInfo>
          </mods:relatedItem>
          <mods:name type="personal">
            <mods:namePart>Scieur, Philippe</mods:namePart>
            <mods:nameIdentifier type="email">philippe.scieur@uclouvain.be</mods:nameIdentifier>
            <mods:affiliation>UCLouvain</mods:affiliation>
            <mods:role>
              <mods:roleTerm type="text">advisor</mods:roleTerm>
            </mods:role>
          </mods:name>
          <mods:relatedItem otherType="note">
            <mods:titleInfo>
              <mods:title>accepted</mods:title>
            </mods:titleInfo>
            <mods:originInfo>
              <mods:dateCreated>2018-09-26T14:11:46.000Z</mods:dateCreated>
            </mods:originInfo>
            <mods:name>
              <mods:namePart>genevieve.parent@uclouvain.be</mods:namePart>
            </mods:name>
            <mods:note>La diffusion de ce mémoire n'est pas autorisée par l'institution</mods:note>
          </mods:relatedItem>
        </mods:mods>
      </mets:xmlData>
    </mets:mdWrap>
  </mets:dmdSec>
  <mets:fileSec>
    <mets:fileGrp USE="CONTENT">
      <mets:file ID="file-1" MIMETYPE="application/pdf">
        <mets:FLocat LOCTYPE="URL" xlink:href="files/Coenen_Axel_72481200_2018.pdf"/>
      </mets:file>
      <mets:file ID="file-2" MIMETYPE="application/vnd.openxmlformats-officedocument.spreadsheetml.sheet">
        <mets:FLocat LOCTYPE="URL" xlink:href="files/Coenen_Axel_72481200_2018_Annexe1.xlsx"/>
      </mets:file>
    </mets:fileGrp>
  </mets:fileSec>
  <mets:structMap ID="main-structure" LABEL="structure" TYPE="LOGICAL">
    <mets:div DMDID="OBJ_METADATA">
      <mets:div TYPE="File">
        <mets:fptr FILEID="file-1"/>
      </mets:div>
      <mets:div TYPE="File">
        <mets:fptr FILEID="file-2"/>
      </mets:div>
    </mets:div>
  </mets:structMap>
  <mets:structMap LABEL="Parent">
    <mets:div>
      <mets:mptr LOCTYPE="URN" xlink:href="123456789/2"/>
    </mets:div>
  </mets:structMap>
</mets:mets>
