<?xml version='1.0' encoding='UTF-8'?>
<mets:mets xmlns:mets="http://www.loc.gov/METS/" xmlns:xlink="http://www.w3.org/1999/xlink" xmlns:mods="http://www.loc.gov/mods/v3" xmlns:xsi="http://www.w3.org/2001/XMLSchema-instance" xsi:schemaLocation="http://www.loc.gov/METS/ https://www.loc.gov/standards/mets/mets.xsd http://www.loc.gov/mods/v3 http://www.loc.gov/standards/mods/v3/mods-3-8.xsd" ID="thesis-11325" OBJID="hdl:2078.1/thesis:11325" PROFILE="DSpace METS SIP Profile">
  <mets:dmdSec ID="OBJ_METADATA">
    <mets:mdWrap MDTYPE="OTHER" OTHERMDTYPE="MODS-THESIS" MIMETYPE="text/xml">
      <mets:xmlData>
        <mods:mods version="3.8">
          <mods:name type="personal">
            <mods:namePart>Ermakova, Tatiana</mods:namePart>
            <mods:nameIdentifier type="email">tatiana.ermakova@student.uclouvain.be</mods:nameIdentifier>
            <mods:nameIdentifier type="fgs">281153</mods:nameIdentifier>
            <mods:affiliation>UCLouvain</mods:affiliation>
            <mods:nameIdentifier type="degree_label">Master [120] en sciences de gestion</mods:nameIdentifier>
            <mods:nameIdentifier type="degree_code">GEST2M</mods:nameIdentifier>
            <mods:role>
              <mods:roleTerm type="text">author</mods:roleTerm>
            </mods:role>
          </mods:name>
          <mods:language>
            <mods:languageTerm type="code" authority="iso639-2b">fre</mods:languageTerm>
          </mods:language>
          <mods:titleInfo>
            <mods:title>La procédure de réorganisation judiciaire : étude approfondie des conséquences et perspectives de continuité</mods:title>
          </mods:titleInfo>
          <mods:originInfo>
            <mods:dateIssued>2017</mods:dateIssued>
            <mods:dateOther type="session">septembre</mods:dateOther>
          </mods:originInfo>
          <mods:recordInfo>
            <mods:recordCreationDate>2017-08-10 13:24</mods:recordCreationDate>
            <mods:recordInfoNote type="submitter_name">Tatiana Ermakova (UCL - 281153)</mods:recordInfoNote>
            <mods:recordInfoNote type="submitter_email">tatiana.ermakova@student.uclouvain.be</mods:recordInfoNote>
          </mods:recordInfo>
          <mods:abstract>Bien qu’elle soit le successeur du concordat judiciaire dont elle se distingue par des éléments importants, la procédure de réorganisation judiciaire est une alternative relativement récente proposée aux sociétés en difficulté. Depuis 2009, cette procédure a pour vocation principale de donner une seconde chance aux entrepreneurs qui souhaitent sauver leur entreprise en difficulté et éviter la faillite. Etant donné les modifications qu’elle a subies en 2013 et les plans d’apurement qu’elle engendre et qui sont d’une durée pouvant aller jusqu’à cinq ans, peu d’études existent actuellement pour tenter d’évaluer son efficacité sur le terrain avec suffisamment de recul. En effet, la PRJ n’est pas sans inconvénients, dont le plus important semble être l’impact psychologique qu’elle provoque sur les relations avec les tiers et qui constituent pourtant un élément indispensable à la survie de l’entreprise. L’ambition du présent travail est de déterminer à travers une approche empirique si la PRJ permet de réaliser l’objectif posé par le législateur en évaluant le niveau d’activités d’entreprises qui y ont eu recours et qui sont toujours actives. Dans un deuxième temps, nous tenterons de déterminer quels sont les autres limites et inconvénients de la PRJ et quelles éventuelles recommandations permettraient de rendre la procédure plus efficace. La recherche s’appuie sur des rencontres avec des intervenants qui ont accepté de partager leurs expériences et de répondre à une série de questions. Chacun des intervenants a déposé une demande auprès du tribunal de commerce francophone à Bruxelles au cours de la période 2012 à 2014. Afin de permettre au lecteur de bien comprendre le cadre du sujet, la première partie du travail se consacrera à la présentation de la procédure en apportant une définition et en déterminant le champ d’application et le contexte dans lequel elle a été instaurée. Dans un deuxième temps, il sera nécessaire de définir le concept de défaillance pour comprendre à partir de quel moment une entreprise peut être considérée en difficulté et quels sont les facteurs qui interviennent dans cette situation.</mods:abstract>
          <mods:subject>
            <mods:topic>Réorganisation judiciaire</mods:topic>
          </mods:subject>
          <mods:subject>
            <mods:topic>PRJ</mods:topic>
          </mods:subject>
          <mods:subject>
            <mods:topic>Société en difficulté</mods:topic>
          </mods:subject>
          <mods:subject>
            <mods:topic>Continuité des entreprises</mods:topic>
          </mods:subject>
          <mods:subject>
            <mods:topic>Redressement</mods:topic>
          </mods:subject>
          <mods:relatedItem otherType="faculty">
            <mods:titleInfo>
              <mods:title>Louvain School of Management</mods:title>
            </mods:titleInfo>
          </mods:relatedItem>
          <mods:name type="personal">
            <mods:namePart>Gevers, Raphaël</mods:namePart>
            <mods:nameIdentifier type="email">raphael.gevers@uclouvain.be</mods:nameIdentifier>
            <mods:affiliation>UCLouvain</mods:affiliation>
            <mods:role>
              <mods:roleTerm type="text">advisor</mods:roleTerm>
            </mods:role>
          </mods:name>
          <mods:relatedItem otherType="note">
            <mods:titleInfo>
              <mods:title>accepted</mods:title>
            </mods:titleInfo>
            <mods:originInfo>
              <mods:dateCreated>2017-12-11T15:20:19.000Z</mods:dateCreated>
            </mods:originInfo>
            <mods:name>
              <mods:namePart>alice.baugniet@uclouvain.be</mods:namePart>
            </mods:name>
            <mods:note>La diffusion de ce mémoire n'est pas autorisée par l'institution</mods:note>
          </mods:relatedItem>
        </mods:mods>
      </mets:xmlData>
    </mets:mdWrap>
  </mets:dmdSec>
  <mets:fileSec>
    <mets:fileGrp USE="CONTENT">
      <mets:file ID="file-1" MIMETYPE="application/pdf">
        <mets:FLocat LOCTYPE="URL" xlink:href="files/Ermakova_82391100_2017.pdf"/>
      </mets:file>
    </mets:fileGrp>
  </mets:fileSec>
  <mets:structMap ID="main-structure" LABEL="structure" TYPE="LOGICAL">
    <mets:div DMDID="OBJ_METADATA">
      <mets:div TYPE="File">
        <mets:fptr FILEID="file-1"/>
      </mets:div>
    </mets:div>
  </mets:structMap>
  <mets:structMap LABEL="Parent">
    <mets:div>
      <mets:mptr LOCTYPE="URN" xlink:href="123456789/2"/>
    </mets:div>
  </mets:structMap>
</mets:mets>
