<?xml version='1.0' encoding='UTF-8'?>
<mets:mets xmlns:mets="http://www.loc.gov/METS/" xmlns:xlink="http://www.w3.org/1999/xlink" xmlns:mods="http://www.loc.gov/mods/v3" xmlns:xsi="http://www.w3.org/2001/XMLSchema-instance" xsi:schemaLocation="http://www.loc.gov/METS/ https://www.loc.gov/standards/mets/mets.xsd http://www.loc.gov/mods/v3 http://www.loc.gov/standards/mods/v3/mods-3-8.xsd" ID="thesis-21307" OBJID="hdl:2078.1/thesis:21307" PROFILE="DSpace METS SIP Profile">
  <mets:metsHdr>
    <mets:agent ROLE="CUSTODIAN" TYPE="ORGANIZATION">
      <mets:name>UCLouvain</mets:name>
      <mets:note>FedoraExporter script v1.0</mets:note>
    </mets:agent>
  </mets:metsHdr>
  <mets:dmdSec ID="OBJ_METADATA">
    <mets:mdWrap MDTYPE="OTHER" OTHERMDTYPE="MODS-THESIS" MIMETYPE="text/xml">
      <mets:xmlData>
        <mods:mods version="3.8">
          <mods:name type="personal">
            <mods:namePart>Marlier, Louise</mods:namePart>
            <mods:nameIdentifier type="email">louise.marlier@student.uclouvain.be</mods:nameIdentifier>
            <mods:nameIdentifier type="fgs">359593</mods:nameIdentifier>
            <mods:affiliation>UCLouvain</mods:affiliation>
            <mods:nameIdentifier type="degree_label">Master [120] en histoire</mods:nameIdentifier>
            <mods:nameIdentifier type="degree_code">HIST2M</mods:nameIdentifier>
            <mods:role>
              <mods:roleTerm type="text">author</mods:roleTerm>
            </mods:role>
          </mods:name>
          <mods:language>
            <mods:languageTerm type="code" authority="iso639-2b">fre</mods:languageTerm>
          </mods:language>
          <mods:titleInfo>
            <mods:title>Le Tacuinum sanitatis et la transmission du savoir diététique arabe dans l'Occident latin (XIIIe-XVe s.)</mods:title>
          </mods:titleInfo>
          <mods:originInfo>
            <mods:dateIssued>2019</mods:dateIssued>
            <mods:dateOther type="session">septembre</mods:dateOther>
          </mods:originInfo>
          <mods:recordInfo>
            <mods:recordCreationDate>2019/08/15 11:00</mods:recordCreationDate>
            <mods:recordInfoNote type="submitter_name">Louise Marlier (UCL - 359593)</mods:recordInfoNote>
            <mods:recordInfoNote type="submitter_email">louise.marlier@student.uclouvain.be</mods:recordInfoNote>
          </mods:recordInfo>
          <mods:abstract>Cette recherche porte sur le Tacuinum sanitatis, traduction latine du Taqwim es-sihha d’Ibn Buṭlān. Ce traité de diététique médiéval s’inscrit dans l’histoire de la transmission des savoirs scientifiques du monde gréco-romain au monde arabe, puis du monde arabe à l’Occident latin. L’analyse et la comparaison de cinq témoins de ce texte (une édition des manuscrits arabes, deux manuscrits latins non illustrés et trois manuscrits latins illustrés) apportent de précieuses informations concernant l’histoire de la transmission du texte (ajouts et suppression de notices, d’informations au sein même de celles-ci) mais aussi l’alimentation des divers possesseurs de ces manuscrits à la fin du Moyen Âge. Il en ressort la confirmation d’un régime alimentaire aristocratique principalement composé de viandes. De la même façon, l’influence de ce texte sur d’autres œuvres laisse percevoir l’intérêt porté par la noblesse à son alimentation et à la conservation de sa santé.</mods:abstract>
          <mods:subject>
            <mods:topic>Tacuinum sanitatis</mods:topic>
          </mods:subject>
          <mods:subject>
            <mods:topic>Taqwim es-sihha</mods:topic>
          </mods:subject>
          <mods:subject>
            <mods:topic>Ibn Buṭlān</mods:topic>
          </mods:subject>
          <mods:subject>
            <mods:topic>diététique</mods:topic>
          </mods:subject>
          <mods:subject>
            <mods:topic>manuscrit</mods:topic>
          </mods:subject>
          <mods:subject>
            <mods:topic>sciences</mods:topic>
          </mods:subject>
          <mods:subject>
            <mods:topic>XIIIe siècle</mods:topic>
          </mods:subject>
          <mods:subject>
            <mods:topic>XIVe siècle</mods:topic>
          </mods:subject>
          <mods:subject>
            <mods:topic>XVe siècle</mods:topic>
          </mods:subject>
          <mods:subject>
            <mods:topic>Italie</mods:topic>
          </mods:subject>
          <mods:identifier type="hdl">2078.1/thesis:21307</mods:identifier>
          <mods:genre authority="coar" valueURI="http://purl.org/coar/resource_type/c_bdcc">master thesis</mods:genre>
          <mods:relatedItem otherType="faculty">
            <mods:titleInfo>
              <mods:title>Faculté de philosophie, arts et lettres</mods:title>
            </mods:titleInfo>
          </mods:relatedItem>
          <mods:name type="personal">
            <mods:namePart>Van den Abeele, Baudouin</mods:namePart>
            <mods:nameIdentifier type="email">baudouin.vandenabeele@uclouvain.be</mods:nameIdentifier>
            <mods:affiliation>UCLouvain</mods:affiliation>
            <mods:role>
              <mods:roleTerm type="text">advisor</mods:roleTerm>
            </mods:role>
          </mods:name>
          <mods:relatedItem otherType="note">
            <mods:titleInfo>
              <mods:title>accepted</mods:title>
            </mods:titleInfo>
            <mods:originInfo>
              <mods:dateCreated>2019-09-16T12:40:13.000Z</mods:dateCreated>
            </mods:originInfo>
            <mods:name>
              <mods:namePart>chantal.marquet@uclouvain.be</mods:namePart>
            </mods:name>
          </mods:relatedItem>
          <mods:identifier type="fedora_pid">thesis:21307</mods:identifier>
        </mods:mods>
      </mets:xmlData>
    </mets:mdWrap>
  </mets:dmdSec>
  <mets:fileSec>
    <mets:fileGrp USE="CONTENT">
      <mets:file ID="file-1" MIMETYPE="application/pdf" ADMID="amd-file-1">
        <mets:FLocat LOCTYPE="URL" xlink:href="files/Marlier_3583-17-00_2019.pdf"/>
      </mets:file>
      <mets:file ID="file-2" MIMETYPE="application/pdf" ADMID="amd-file-2">
        <mets:FLocat LOCTYPE="URL" xlink:href="files/Marlier_3583-17-00_2019_Annexe1.pdf"/>
      </mets:file>
    </mets:fileGrp>
  </mets:fileSec>
  <mets:structMap ID="main-structure" LABEL="structure" TYPE="LOGICAL">
    <mets:div DMDID="OBJ_METADATA">
      <mets:div TYPE="File">
        <mets:fptr FILEID="file-1"/>
      </mets:div>
      <mets:div TYPE="File">
        <mets:fptr FILEID="file-2"/>
      </mets:div>
    </mets:div>
  </mets:structMap>
  <mets:amdSec ID="amd-file-1">
    <mets:rightsMD ID="rights-file-1">
      <mets:mdWrap MDTYPE="OTHER" OTHERMDTYPE="METSRIGHTS">
        <mets:xmlData>
          <rights:RightsDeclarationMD xmlns:rights="http://cosimo.stanford.edu/sdr/metsrights/">
            <rights:Context CONTEXTCLASS="MANAGED GRP" rpName="UCLouvain networks restriction">
              <rights:Permissions DISCOVER="true" DISPLAY="true" MODIFY="false" DELETE="false" OTHER="false"/>
              <rights:UserName>UCLouvain network</rights:UserName>
            </rights:Context>
          </rights:RightsDeclarationMD>
        </mets:xmlData>
      </mets:mdWrap>
    </mets:rightsMD>
  </mets:amdSec>
  <mets:amdSec ID="amd-file-2">
    <mets:rightsMD ID="rights-file-2">
      <mets:mdWrap MDTYPE="OTHER" OTHERMDTYPE="METSRIGHTS">
        <mets:xmlData>
          <rights:RightsDeclarationMD xmlns:rights="http://cosimo.stanford.edu/sdr/metsrights/">
            <rights:Context CONTEXTCLASS="MANAGED GRP" rpName="UCLouvain networks restriction">
              <rights:Permissions DISCOVER="true" DISPLAY="true" MODIFY="false" DELETE="false" OTHER="false"/>
              <rights:UserName>UCLouvain network</rights:UserName>
            </rights:Context>
          </rights:RightsDeclarationMD>
        </mets:xmlData>
      </mets:mdWrap>
    </mets:rightsMD>
  </mets:amdSec>
  <mets:structMap LABEL="Parent">
    <mets:div>
      <mets:mptr LOCTYPE="URN" xlink:href="123456789/master_thesis_collection"/>
    </mets:div>
  </mets:structMap>
</mets:mets>
